Rank,PublicScore,PrivateScore
1,1096.92532,1109.70772
2,1097.52251,1110.01363
3,1097.66343,1110.04733
4,1097.67454,1110.24415
5,1097.78711,1110.30015
6,1097.85951,1110.51398
7,1097.93078,1110.61167
8,1098.03999,1110.65356
9,1098.0706,1110.69308
10,1098.23397,1110.69996
11,1098.25432,1111.00918
12,1098.42563,1111.09527
13,1098.49505,1111.24205
14,1098.5453,1111.24364
15,1098.59358,1111.26135
16,1098.98119,1111.3868
17,1099.01869,1111.41846
18,1099.19344,1111.50784
19,1099.25155,1111.52353
20,1099.32488,1111.55191
21,1099.43191,1111.79176
22,1099.43342,1111.80767
23,1099.47998,1111.81387
24,1099.48159,1111.84671
25,1099.54433,1112.00646
26,1099.54815,1112.11189
27,1099.55913,1112.1252
28,1099.57454,1112.13405
29,1099.59305,1112.2575
30,1099.80687,1112.26303
31,1099.91393,1112.34516
32,1099.95127,1112.35557
33,1099.95832,1112.37834
34,1100.05314,1112.42162
35,1100.08359,1112.47445
36,1100.11145,1112.47677
37,1100.16787,1112.49159
38,1100.16848,1112.49726
39,1100.20037,1112.50415
40,1100.23357,1112.51042
41,1100.2381,1112.53459
42,1100.24915,1112.55258
43,1100.25319,1112.60531
44,1100.26926,1112.65047
45,1100.29214,1112.70165
46,1100.29644,1112.73936
47,1100.3106,1112.74324
48,1100.3533,1112.82417
49,1100.35342,1112.8268
50,1100.39865,1112.83357
51,1100.41459,1112.842
52,1100.44122,1112.87689
53,1100.46969,1112.87737
54,1100.47793,1112.89412
55,1100.47812,1112.89583
56,1100.51016,1112.89653
57,1100.53612,1112.90387
58,1100.5519,1112.95626
59,1100.56077,1112.98348
60,1100.56091,1112.98722
61,1100.56208,1113.00031
62,1100.57199,1113.008
63,1100.57728,1113.01169
64,1100.62413,1113.01704
65,1100.68826,1113.02474
66,1100.70372,1113.02848
67,1100.71452,1113.04993
68,1100.74028,1113.05416
69,1100.77313,1113.08078
70,1100.86786,1113.08585
71,1100.86946,1113.10048
72,1100.87838,1113.10484
73,1100.88124,1113.11804
74,1100.8872,1113.13141
75,1100.88846,1113.14129
76,1100.89075,1113.14469
77,1100.92626,1113.15131
78,1100.92808,1113.15633
79,1100.97577,1113.16776
80,1101.0074,1113.1934
81,1101.0233,1113.20017
82,1101.04786,1113.20033
83,1101.05232,1113.24066
84,1101.05262,1113.24893
85,1101.07194,1113.2499
86,1101.0743,1113.26051
87,1101.09791,1113.28223
88,1101.10137,1113.29259
89,1101.11002,1113.3072
90,1101.11657,1113.30965
91,1101.11726,1113.32015
92,1101.13486,1113.34646
93,1101.13502,1113.36283
94,1101.1438,1113.3844
95,1101.1691,1113.39962
96,1101.16973,1113.41531
97,1101.17138,1113.41709
98,1101.19748,1113.42478
99,1101.20584,1113.47048
100,1101.21368,1113.47635
101,1101.21939,1113.48979
102,1101.22358,1113.49985
103,1101.24891,1113.51945
104,1101.26013,1113.53762
105,1101.26284,1113.53764
106,1101.27675,1113.53768
107,1101.27798,1113.55608
108,1101.28354,1113.55706
109,1101.29834,1113.57339
110,1101.31137,1113.57353
111,1101.32231,1113.61335
112,1101.32852,1113.62425
113,1101.33446,1113.62841
114,1101.35297,1113.62895
115,1101.3668,1113.63023
116,1101.38443,1113.64699
117,1101.39048,1113.65229
118,1101.40927,1113.65865
119,1101.421,1113.67372
120,1101.43157,1113.67825
121,1101.44264,1113.68451
122,1101.45501,1113.69601
123,1101.45811,1113.70067
124,1101.46039,1113.74211
125,1101.47297,1113.74491
126,1101.47642,1113.76672
127,1101.48026,1113.77176
128,1101.49329,1113.7746
129,1101.49626,1113.7911
130,1101.49927,1113.79116
131,1101.51018,1113.81895
132,1101.51802,1113.82583
133,1101.52542,1113.84257
134,1101.54881,1113.85033
135,1101.55219,1113.85148
136,1101.55903,1113.86917
137,1101.56054,1113.86946
138,1101.56564,1113.86957
139,1101.56808,1113.87397
140,1101.57372,1113.87597
141,1101.58824,1113.88165
142,1101.60741,1113.88456
143,1101.62742,1113.88511
144,1101.62795,1113.90135
145,1101.63412,1113.91479
146,1101.63837,1113.9153
147,1101.64092,1113.91948
148,1101.75894,1113.94936
149,1101.77354,1113.95533
150,1101.77529,1113.96707
151,1101.7772,1113.97877
152,1101.79366,1113.98716
153,1101.79984,1113.99758
154,1101.803,1114.00425
155,1101.82006,1114.04139
156,1101.8222,1114.05685
157,1101.82523,1114.10023
158,1101.85589,1114.10342
159,1101.86438,1114.12699
160,1101.86461,1114.12879
161,1101.87475,1114.14149
162,1101.88161,1114.17603
163,1101.89836,1114.17823
164,1101.90787,1114.19415
165,1101.92547,1114.20842
166,1101.92679,1114.2183
167,1101.92707,1114.23354
168,1101.93122,1114.23461
169,1101.94804,1114.24514
170,1101.95164,1114.25239
171,1101.95708,1114.25367
172,1101.97477,1114.26143
173,1101.98255,1114.26668
174,1101.98883,1114.26817
175,1101.99766,1114.27152
176,1101.99871,1114.30659
177,1102.00415,1114.3157
178,1102.01213,1114.31896
179,1102.02136,1114.31951
180,1102.04844,1114.34907
181,1102.06954,1114.36313
182,1102.08293,1114.3819
183,1102.08321,1114.38951
184,1102.08805,1114.39356
185,1102.09274,1114.39555
186,1102.09466,1114.39812
187,1102.12289,1114.39941
188,1102.15127,1114.41779
189,1102.15869,1114.4226
190,1102.18491,1114.44293
191,1102.21249,1114.45737
192,1102.22935,1114.46168
193,1102.23834,1114.48415
194,1102.23899,1114.4874
195,1102.24293,1114.48941
196,1102.25346,1114.49956
197,1102.25798,1114.52586
198,1102.26773,1114.52697
199,1102.27075,1114.53207
200,1102.29239,1114.53546
201,1102.29344,1114.546
202,1102.3048,1114.55691
203,1102.3278,1114.561
204,1102.34398,1114.56269
205,1102.37473,1114.56751
206,1102.3774,1114.56953
207,1102.38267,1114.57995
208,1102.39517,1114.58736
209,1102.41107,1114.59198
210,1102.41765,1114.59335
211,1102.41882,1114.59549
212,1102.41964,1114.60346
213,1102.42146,1114.62118
214,1102.42307,1114.63095
215,1102.42977,1114.63571
216,1102.44054,1114.63841
217,1102.44881,1114.64703
218,1102.45839,1114.65271
219,1102.47566,1114.66109
220,1102.48303,1114.6814
221,1102.48684,1114.70911
222,1102.49624,1114.70925
223,1102.50637,1114.71407
224,1102.5166,1114.73304
225,1102.52163,1114.74938
226,1102.54727,1114.7503
227,1102.55678,1114.77178
228,1102.56072,1114.78239
229,1102.57449,1114.78806
230,1102.5752,1114.80361
231,1102.579,1114.80391
232,1102.6016,1114.805
233,1102.60817,1114.8056
234,1102.61339,1114.81212
235,1102.61629,1114.8323
236,1102.6178,1114.83854
237,1102.62347,1114.8561
238,1102.62379,1114.87167
239,1102.63109,1114.87368
240,1102.63664,1114.874
241,1102.63763,1114.90177
242,1102.63763,1114.9021
243,1102.63912,1114.91055
244,1102.64834,1114.91175
245,1102.65621,1114.91556
246,1102.69666,1114.92778
247,1102.69783,1114.94009
248,1102.70719,1114.95759
249,1102.71455,1114.96519
250,1102.71564,1114.96546
251,1102.72181,1114.98996
252,1102.72933,1115.00552
253,1102.73482,1115.01731
254,1102.73688,1115.01741
255,1102.75692,1115.03441
256,1102.75784,1115.03868
257,1102.76645,1115.04596
258,1102.76971,1115.06682
259,1102.77459,1115.07456
260,1102.77459,1115.11222
261,1102.78218,1115.12393
262,1102.78578,1115.12434
263,1102.78591,1115.1693
264,1102.79016,1115.20839
265,1102.79411,1115.20839
266,1102.8036,1115.22426
267,1102.80538,1115.24828
268,1102.80731,1115.28659
269,1102.81016,1115.28843
270,1102.82052,1115.29194
271,1102.84744,1115.30576
272,1102.8556,1115.31232
273,1102.86289,1115.31802
274,1102.8943,1115.31907
275,1102.90245,1115.33133
276,1102.90286,1115.34548
277,1102.91683,1115.34897
278,1102.91852,1115.35805
279,1102.94631,1115.36212
280,1102.95102,1115.36824
281,1102.97097,1115.37026
282,1102.98107,1115.37035
283,1102.98524,1115.37234
284,1102.98796,1115.39067
285,1102.99321,1115.40109
286,1102.99425,1115.4295
287,1103.04579,1115.44004
288,1103.05546,1115.45547
289,1103.06776,1115.46948
290,1103.08548,1115.46982
291,1103.11277,1115.49126
292,1103.1164,1115.49559
293,1103.11674,1115.49565
294,1103.14116,1115.4967
295,1103.15936,1115.49792
296,1103.15948,1115.49838
297,1103.1833,1115.50359
298,1103.19498,1115.50362
299,1103.20328,1115.51879
300,1103.22855,1115.52
301,1103.23315,1115.52409
302,1103.23599,1115.52433
303,1103.23707,1115.53651
304,1103.24663,1115.53862
305,1103.25244,1115.5586
306,1103.27352,1115.56306
307,1103.2777,1115.56552
308,1103.2901,1115.58458
309,1103.31607,1115.60204
310,1103.3178,1115.60638
311,1103.33034,1115.6296
312,1103.33385,1115.64078
313,1103.33596,1115.64911
314,1103.34568,1115.67458
315,1103.34727,1115.69908
316,1103.35415,1115.69939
317,1103.36919,1115.71021
318,1103.38768,1115.71593
319,1103.41623,1115.71627
320,1103.4285,1115.72203
321,1103.42967,1115.72574
322,1103.46303,1115.73762
323,1103.48942,1115.75014
324,1103.51624,1115.75458
325,1103.52523,1115.759
326,1103.54177,1115.77356
327,1103.56611,1115.81342
328,1103.57352,1115.81588
329,1103.57984,1115.85531
330,1103.61914,1115.89866
331,1103.62704,1115.93728
332,1103.6368,1115.97488
333,1103.67137,1116.06716
334,1103.69045,1116.06721
335,1103.73692,1116.09078
336,1103.74005,1116.09349
337,1103.74202,1116.09429
338,1103.75814,1116.11338
339,1103.78717,1116.12425
340,1103.8148,1116.12523
341,1103.83092,1116.14427
342,1103.8339,1116.15527
343,1103.84241,1116.1737
344,1103.85781,1116.19472
345,1103.86446,1116.20287
346,1103.87286,1116.20849
347,1103.87335,1116.20991
348,1103.87488,1116.21692
349,1103.89554,1116.22273
350,1103.89945,1116.2229
351,1103.90802,1116.24965
352,1103.91935,1116.26946
353,1103.93913,1116.29347
354,1103.96238,1116.30692
355,1103.97384,1116.32555
356,1104.00686,1116.33498
357,1104.02312,1116.38484
358,1104.0268,1116.38925
359,1104.10428,1116.39787
360,1104.12393,1116.40053
361,1104.12407,1116.42158
362,1104.13771,1116.42271
363,1104.1397,1116.42438
364,1104.14529,1116.43007
365,1104.25563,1116.4319
366,1104.36029,1116.43613
367,1104.39198,1116.44894
368,1104.39301,1116.45583
369,1104.40855,1116.47721
370,1104.45619,1116.59034
371,1104.48499,1116.61589
372,1104.51107,1116.68149
373,1104.54376,1116.73503
374,1104.55143,1116.96835
375,1104.59235,1116.97034
376,1104.59456,1116.97934
377,1104.6273,1116.99649
378,1104.62731,1117.03801
379,1104.65403,1117.05069
380,1104.68065,1117.05923
381,1104.68808,1117.07243
382,1104.72722,1117.18428
383,1104.74975,1117.19783
384,1104.76391,1117.21949
385,1104.77007,1117.23355
386,1104.77135,1117.24234
387,1104.82727,1117.24495
388,1104.83047,1117.25643
389,1104.83795,1117.30525
390,1104.83997,1117.32769
391,1104.85498,1117.39519
392,1104.86136,1117.41128
393,1104.86699,1117.41577
394,1104.88367,1117.44834
395,1104.8868,1117.45406
396,1104.90672,1117.45983
397,1104.91631,1117.46758
398,1104.95023,1117.48044
399,1104.97314,1117.51073
400,1104.97403,1117.53018
401,1105.00035,1117.60986
402,1105.00499,1117.61356
403,1105.03926,1117.64411
404,1105.05713,1117.69353
405,1105.07452,1117.71036
406,1105.10466,1117.78388
407,1105.12557,1117.79354
408,1105.13139,1117.79778
409,1105.15105,1117.80001
410,1105.16766,1117.86372
411,1105.18304,1117.86788
412,1105.19965,1117.87743
413,1105.21287,1117.95197
414,1105.24561,1117.95261
415,1105.24749,1117.98289
416,1105.25661,1117.98581
417,1105.27888,1117.98956
418,1105.30523,1118.06298
419,1105.34594,1118.08523
420,1105.35107,1118.11511
421,1105.35915,1118.19541
422,1105.3663,1118.2156
423,1105.37917,1118.217
424,1105.39179,1118.24142
425,1105.43103,1118.28394
426,1105.43474,1118.30977
427,1105.52185,1118.31196
428,1105.60303,1118.32765
429,1105.61012,1118.40323
430,1105.63057,1118.42734
431,1105.64456,1118.44394
432,1105.6634,1118.45149
433,1105.67205,1118.469
434,1105.68676,1118.52878
435,1105.72137,1118.53693
436,1105.73896,1118.55798
437,1105.74245,1118.58952
438,1105.74292,1118.60214
439,1105.80528,1118.61448
440,1105.81374,1118.62818
441,1105.82982,1118.64479
442,1105.88642,1118.65523
443,1105.88642,1118.68536
444,1105.88789,1118.69174
445,1105.89864,1118.69409
446,1105.97695,1118.70592
447,1105.97714,1118.73025
448,1105.98337,1118.74678
449,1106.0011,1118.75329
450,1106.02599,1118.8114
451,1106.02838,1118.81639
452,1106.02965,1118.82849
453,1106.03889,1118.83592
454,1106.0446,1118.83879
455,1106.09767,1118.92682
456,1106.10066,1118.95394
457,1106.10192,1119.02511
458,1106.13918,1119.02992
459,1106.14763,1119.09219
460,1106.1682,1119.16907
461,1106.17812,1119.16907
462,1106.20195,1119.19116
463,1106.25087,1119.21563
464,1106.30168,1119.22753
465,1106.30335,1119.24067
466,1106.30657,1119.286
467,1106.30889,1119.28695
468,1106.31516,1119.30336
469,1106.33084,1119.33312
470,1106.33084,1119.3451
471,1106.33084,1119.35265
472,1106.33084,1119.35351
473,1106.33084,1119.37223
474,1106.33084,1119.40776
475,1106.33084,1119.41743
476,1106.33084,1119.43373
477,1106.33084,1119.45809
478,1106.33084,1119.46548
479,1106.33084,1119.46797
480,1106.33084,1119.4753
481,1106.33084,1119.4938
482,1106.33084,1119.50044
483,1106.33248,1119.57551
484,1106.33716,1119.61232
485,1106.34452,1119.62613
486,1106.34509,1119.63712
487,1106.34522,1119.68902
488,1106.34526,1119.6984
489,1106.4249,1119.72698
490,1106.43154,1119.7391
491,1106.43261,1119.75964
492,1106.44028,1119.82106
493,1106.44047,1119.83424
494,1106.44849,1119.83663
495,1106.45399,1119.84664
496,1106.47389,1119.84948
497,1106.47588,1119.91
498,1106.50147,1119.9443
499,1106.5066,1119.96382
500,1106.53718,1119.98191
501,1106.54617,1119.99637
502,1106.54906,1120.02674
503,1106.5512,1120.02773
504,1106.56452,1120.0391
505,1106.56452,1120.04948
506,1106.56452,1120.07034
507,1106.56452,1120.07172
508,1106.56452,1120.07172
509,1106.56452,1120.07172
510,1106.56452,1120.07172
511,1106.56452,1120.07172
512,1106.56452,1120.07172
513,1106.56452,1120.07172
514,1106.56452,1120.07172
515,1106.56452,1120.07172
516,1106.56452,1120.07172
517,1106.56452,1120.07172
518,1106.56452,1120.07172
519,1106.56452,1120.09031
520,1106.57186,1120.10017
521,1106.58418,1120.10017
522,1106.59286,1120.10017
523,1106.63563,1120.10017
524,1106.64854,1120.10017
525,1106.66821,1120.10017
526,1106.68912,1120.10017
527,1106.6941,1120.10017
528,1106.69815,1120.10017
529,1106.70667,1120.10017
530,1106.7456,1120.10017
531,1106.78145,1120.10017
532,1106.78447,1120.10017
533,1106.78923,1120.10017
534,1106.79477,1120.10017
535,1106.80608,1120.10017
536,1106.85393,1120.10017
537,1106.85408,1120.10017
538,1106.88155,1120.10214
539,1106.88766,1120.15361
540,1106.90054,1120.17355
541,1106.93892,1120.24204
542,1106.94075,1120.25245
543,1106.94075,1120.25332
544,1106.94075,1120.27167
545,1106.95258,1120.27343
546,1106.96016,1120.31079
547,1106.9807,1120.31345
548,1107.0465,1120.31665
549,1107.09096,1120.31926
550,1107.11355,1120.33094
551,1107.14656,1120.33738
552,1107.14656,1120.3609
553,1107.14656,1120.4405
554,1107.19477,1120.44285
555,1107.23181,1120.45352
556,1107.23181,1120.45547
557,1107.23181,1120.47626
558,1107.23181,1120.49112
559,1107.23181,1120.49112
560,1107.23181,1120.49112
561,1107.23181,1120.52524
562,1107.23181,1120.53568
563,1107.23181,1120.61636
564,1107.23181,1120.63933
565,1107.23181,1120.68834
566,1107.23181,1120.73333
567,1107.23181,1120.75571
568,1107.23181,1120.76174
569,1107.23181,1120.79523
570,1107.23181,1120.79523
571,1107.23181,1120.79523
572,1107.23181,1120.79523
573,1107.23181,1120.79523
574,1107.25656,1120.79523
575,1107.26737,1120.79944
576,1107.272,1120.80195
577,1107.273,1120.84271
578,1107.3381,1120.85833
579,1107.33821,1120.86766
580,1107.36189,1120.87105
581,1107.36592,1120.8758
582,1107.38601,1120.91688
583,1107.38601,1120.93552
584,1107.38601,1120.93879
585,1107.38601,1120.9392
586,1107.38601,1120.94499
587,1107.3941,1120.95422
588,1107.39517,1121.00063
589,1107.43244,1121.01315
590,1107.45029,1121.03374
591,1107.48672,1121.04234
592,1107.56826,1121.09335
593,1107.57444,1121.10119
594,1107.57614,1121.1056
595,1107.57614,1121.1091
596,1107.57614,1121.11182
597,1107.57614,1121.12671
598,1107.61406,1121.12671
599,1107.62851,1121.12671
600,1107.63215,1121.12671
601,1107.65682,1121.12671
602,1107.67295,1121.14897
603,1107.71916,1121.15107
604,1107.72416,1121.16645
605,1107.73633,1121.18511
606,1107.76837,1121.20821
607,1107.79344,1121.21238
608,1107.79381,1121.21401
609,1107.81161,1121.21568
610,1107.81547,1121.24188
611,1107.89198,1121.26295
612,1107.91865,1121.28047
613,1107.93499,1121.28047
614,1107.94894,1121.28047
615,1107.95252,1121.28047
616,1107.95815,1121.28047
617,1107.97614,1121.28047
618,1107.99357,1121.28047
619,1108.02902,1121.28047
620,1108.02954,1121.28047
621,1108.04307,1121.28047
622,1108.06481,1121.28047
623,1108.08157,1121.28047
624,1108.09298,1121.28047
625,1108.10868,1121.28047
626,1108.10997,1121.28047
627,1108.11697,1121.28047
628,1108.12471,1121.28047
629,1108.12816,1121.30498
630,1108.14343,1121.30816
631,1108.14578,1121.32523
632,1108.15477,1121.34244
633,1108.19874,1121.3549
634,1108.24277,1121.37729
635,1108.28655,1121.37733
636,1108.28964,1121.37944
637,1108.33047,1121.37985
638,1108.35332,1121.38573
639,1108.36383,1121.42882
640,1108.37527,1121.43719
641,1108.3935,1121.45501
642,1108.40544,1121.47813
643,1108.41999,1121.48432
644,1108.44438,1121.5119
645,1108.45355,1121.53254
646,1108.45688,1121.54297
647,1108.46304,1121.55813
648,1108.46442,1121.58595
649,1108.4653,1121.58595
650,1108.47358,1121.61458
651,1108.48735,1121.69459
652,1108.48737,1121.74969
653,1108.49611,1121.74987
654,1108.49934,1121.76384
655,1108.52194,1121.79159
656,1108.53617,1121.79386
657,1108.55929,1121.80062
658,1108.56843,1121.80447
659,1108.57192,1121.80807
660,1108.59271,1121.80814
661,1108.59678,1121.82046
662,1108.72676,1121.84511
663,1108.72822,1121.87055
664,1108.73099,1121.8936
665,1108.7704,1121.92268
666,1108.77574,1121.93689
667,1108.85652,1121.99418
668,1108.85652,1122.01129
669,1108.85652,1122.02379
670,1108.85652,1122.04894
671,1108.85652,1122.06719
672,1108.85652,1122.08667
673,1108.87039,1122.09677
674,1108.97388,1122.10443
675,1108.99152,1122.11763
676,1109.0095,1122.12137
677,1109.07165,1122.16381
678,1109.07338,1122.16564
679,1109.08615,1122.2669
680,1109.27137,1122.3442
681,1109.30057,1122.34649
682,1109.32623,1122.37417
683,1109.32997,1122.3858
684,1109.34655,1122.40473
685,1109.39564,1122.41294
686,1109.4181,1122.42177
687,1109.43095,1122.42442
688,1109.4617,1122.42442
689,1109.46763,1122.42442
690,1109.49335,1122.42442
691,1109.63415,1122.42442
692,1109.68749,1122.42442
693,1109.75725,1122.46823
694,1109.78638,1122.46949
695,1110.00679,1122.47359
696,1110.04041,1122.49303
697,1110.05376,1122.55029
698,1110.07301,1122.5624
699,1110.10402,1122.57202
700,1110.11777,1122.62168
701,1110.11893,1122.62398
702,1110.19272,1122.65788
703,1110.19498,1122.66595
704,1110.19617,1122.67457
705,1110.19822,1122.68647
706,1110.22482,1122.71586
707,1110.23855,1122.72842
708,1110.29571,1122.73496
709,1110.29571,1122.74278
710,1110.29675,1122.74278
711,1110.32806,1122.77477
712,1110.34184,1122.78588
713,1110.39205,1122.81097
714,1110.42187,1122.84183
715,1110.46421,1122.96209
716,1110.47095,1122.96873
717,1110.64575,1123.01683
718,1110.67086,1123.0861
719,1110.71465,1123.08934
720,1110.75139,1123.10337
721,1110.7696,1123.12862
722,1110.77098,1123.13405
723,1110.81125,1123.16066
724,1110.82352,1123.17447
725,1110.8406,1123.1885
726,1110.87333,1123.24272
727,1110.87333,1123.26101
728,1110.87333,1123.33707
729,1110.87333,1123.40256
730,1110.87333,1123.4246
731,1110.87333,1123.46363
732,1110.87333,1123.50048
733,1110.87333,1123.53251
734,1110.87333,1123.54245
735,1110.87333,1123.57106
736,1110.88339,1123.65653
737,1110.92814,1123.66208
738,1110.93791,1123.67521
739,1110.94797,1123.72054
740,1110.96473,1123.72798
741,1110.97582,1123.76827
742,1110.98386,1123.78907
743,1110.98386,1123.82194
744,1111.01006,1123.83085
745,1111.01042,1123.83695
746,1111.0258,1123.84262
747,1111.03614,1123.87142
748,1111.03627,1123.95282
749,1111.03627,1123.97369
750,1111.03641,1123.97958
751,1111.03829,1123.98422
752,1111.04309,1123.98718
753,1111.06712,1124.01314
754,1111.09306,1124.03035
755,1111.09735,1124.08439
756,1111.0992,1124.11637
757,1111.10748,1124.16349
758,1111.13298,1124.17742
759,1111.13699,1124.19658
760,1111.14212,1124.21068
761,1111.21013,1124.22641
762,1111.22137,1124.2476
763,1111.23452,1124.29881
764,1111.23708,1124.32393
765,1111.25857,1124.34194
766,1111.2609,1124.39524
767,1111.35939,1124.39524
768,1111.38559,1124.41021
769,1111.39207,1124.41044
770,1111.40302,1124.41131
771,1111.43175,1124.41131
772,1111.43327,1124.41321
773,1111.43925,1124.4208
774,1111.45992,1124.4208
775,1111.51432,1124.4208
776,1111.55781,1124.4208
777,1111.57877,1124.4208
778,1111.59106,1124.4208
779,1111.59163,1124.4208
780,1111.69637,1124.4208
781,1111.71116,1124.42403
782,1111.71121,1124.42889
783,1111.73695,1124.45124
784,1111.74521,1124.46212
785,1111.77583,1124.48311
786,1111.78659,1124.48457
787,1111.79756,1124.48457
788,1111.79791,1124.54276
789,1111.79791,1124.58815
790,1111.81111,1124.6846
791,1111.81461,1124.68654
792,1111.83108,1124.69938
793,1111.84155,1124.74463
794,1111.84312,1124.76435
795,1111.84426,1124.81922
796,1111.84619,1124.83351
797,1112.00095,1124.90235
798,1112.04154,1124.97365
799,1112.04241,1125.08865
800,1112.08657,1125.09021
801,1112.10973,1125.16432
802,1112.11402,1125.16895
803,1112.11948,1125.17471
804,1112.17584,1125.17684
805,1112.18095,1125.17804
806,1112.19622,1125.17896
807,1112.216,1125.189
808,1112.24114,1125.19609
809,1112.24187,1125.24099
810,1112.24496,1125.24133
811,1112.25683,1125.27889
812,1112.27054,1125.27929
813,1112.29798,1125.30085
814,1112.31178,1125.30197
815,1112.35108,1125.30466
816,1112.35957,1125.33413
817,1112.36207,1125.34207
818,1112.36519,1125.344
819,1112.36647,1125.34713
820,1112.37732,1125.3882
821,1112.38236,1125.39543
822,1112.44518,1125.40574
823,1112.44624,1125.40659
824,1112.45592,1125.4217
825,1112.45744,1125.45571
826,1112.46519,1125.46453
827,1112.46537,1125.46902
828,1112.48102,1125.47123
829,1112.48114,1125.49292
830,1112.49009,1125.56589
831,1112.49335,1125.56737
832,1112.49565,1125.60613
833,1112.50069,1125.60613
834,1112.5014,1125.62686
835,1112.53119,1125.63914
836,1112.54384,1125.68954
837,1112.55873,1125.77163
838,1112.55929,1125.78425
839,1112.56157,1125.78928
840,1112.59887,1125.83584
841,1112.60404,1125.83584
842,1112.64201,1125.83584
843,1112.64362,1125.84163
844,1112.66354,1125.84551
845,1112.6941,1125.86816
846,1112.70528,1125.87246
847,1112.7066,1125.88047
848,1112.71083,1125.8899
849,1112.72463,1125.89866
850,1112.72705,1125.90248
851,1112.73811,1125.90448
852,1112.74019,1125.90496
853,1112.74507,1125.95198
854,1112.77498,1125.95261
855,1112.78122,1125.97683
856,1112.79575,1125.98387
857,1112.85317,1125.99655
858,1112.85668,1125.9973
859,1112.87089,1126.00188
860,1112.87497,1126.08654
861,1112.8759,1126.10922
862,1112.90898,1126.11943
863,1112.95932,1126.12813
864,1112.96311,1126.12886
865,1112.97199,1126.14659
866,1112.9798,1126.15115
867,1113.01687,1126.15285
868,1113.05044,1126.19429
869,1113.05625,1126.19454
870,1113.07453,1126.21813
871,1113.09776,1126.28002
872,1113.11477,1126.32405
873,1113.13058,1126.33098
874,1113.1464,1126.33692
875,1113.14977,1126.36279
876,1113.15627,1126.3817
877,1113.15844,1126.38515
878,1113.15961,1126.39038
879,1113.15961,1126.39398
880,1113.17846,1126.39404
881,1113.18929,1126.4325
882,1113.20689,1126.43691
883,1113.20689,1126.46147
884,1113.21033,1126.47799
885,1113.21821,1126.50488
886,1113.23476,1126.51049
887,1113.23476,1126.5231
888,1113.23476,1126.53456
889,1113.23476,1126.56301
890,1113.23476,1126.56953
891,1113.23492,1126.62983
892,1113.24403,1126.64358
893,1113.24779,1126.66021
894,1113.25085,1126.67793
895,1113.26186,1126.71125
896,1113.28033,1126.71715
897,1113.31112,1126.71915
898,1113.32915,1126.72338
899,1113.37394,1126.74365
900,1113.38222,1126.76243
901,1113.39219,1126.79211
902,1113.41964,1126.83279
903,1113.41972,1126.83773
904,1113.42364,1126.89946
905,1113.42701,1126.92574
906,1113.43222,1126.96167
907,1113.44854,1126.96657
908,1113.46141,1126.99723
909,1113.47035,1127.00778
910,1113.47778,1127.02555
911,1113.48165,1127.04791
912,1113.4921,1127.07276
913,1113.49306,1127.1166
914,1113.50904,1127.12113
915,1113.51065,1127.13084
916,1113.51065,1127.18779
917,1113.51812,1127.19892
918,1113.52242,1127.20781
919,1113.52422,1127.22595
920,1113.55873,1127.23271
921,1113.57605,1127.23499
922,1113.58462,1127.23588
923,1113.62514,1127.26311
924,1113.64574,1127.27112
925,1113.66637,1127.27425
926,1113.67331,1127.28275
927,1113.69846,1127.28919
928,1113.7138,1127.28947
929,1113.75304,1127.29265
930,1113.75597,1127.29458
931,1113.7702,1127.31308
932,1113.77184,1127.33401
933,1113.77223,1127.34654
934,1113.77897,1127.37554
935,1113.79152,1127.48448
936,1113.79152,1127.48763
937,1113.79152,1127.50295
938,1113.79152,1127.51198
939,1113.79152,1127.52101
940,1113.79152,1127.53598
941,1113.79152,1127.56858
942,1113.79152,1127.58797
943,1113.79152,1127.60769
944,1113.79152,1127.60794
945,1113.79152,1127.61995
946,1113.79152,1127.62306
947,1113.81601,1127.62306
948,1113.82131,1127.62306
949,1113.82282,1127.62306
950,1113.82282,1127.62306
951,1113.82282,1127.62749
952,1113.82282,1127.62778
953,1113.82282,1127.63186
954,1113.83827,1127.63733
955,1113.85248,1127.63941
956,1113.87702,1127.64887
957,1113.88292,1127.65677
958,1113.91146,1127.67911
959,1113.9368,1127.68206
960,1113.93743,1127.69348
961,1113.94129,1127.71119
962,1113.95397,1127.74162
963,1113.955,1127.7494
964,1113.95701,1127.7793
965,1113.95701,1127.78335
966,1114.00772,1127.78824
967,1114.00809,1127.78888
968,1114.00939,1127.78939
969,1114.00939,1127.8095
970,1114.00939,1127.82947
971,1114.01974,1127.86145
972,1114.03155,1127.86839
973,1114.08687,1127.87156
974,1114.08687,1127.88553
975,1114.08687,1127.88617
976,1114.08687,1127.89382
977,1114.10716,1127.89723
978,1114.11071,1127.89801
979,1114.14098,1127.90657
980,1114.14395,1127.91625
981,1114.15088,1127.93442
982,1114.16372,1127.938
983,1114.16546,1127.9587
984,1114.16546,1127.97682
985,1114.16546,1128.0053
986,1114.16546,1128.01573
987,1114.16546,1128.02507
988,1114.16546,1128.04538
989,1114.16546,1128.0519
990,1114.16546,1128.06297
991,1114.16546,1128.08489
992,1114.16546,1128.10215
993,1114.16546,1128.10467
994,1114.16546,1128.12052
995,1114.16546,1128.12346
996,1114.16546,1128.12898
997,1114.16546,1128.14785
998,1114.16546,1128.16133
999,1114.16546,1128.16133
1000,1114.16546,1128.16133
1001,1114.16546,1128.16133
1002,1114.16546,1128.16133
1003,1114.1819,1128.20258
1004,1114.18265,1128.20309
1005,1114.1912,1128.20964
1006,1114.19903,1128.23106
1007,1114.19944,1128.23955
1008,1114.2055,1128.24131
1009,1114.21407,1128.24201
1010,1114.26198,1128.24201
1011,1114.3153,1128.24201
1012,1114.31777,1128.24201
1013,1114.35231,1128.24201
1014,1114.35807,1128.24757
1015,1114.36635,1128.25882
1016,1114.38699,1128.29141
1017,1114.41908,1128.29182
1018,1114.44363,1128.32443
1019,1114.46516,1128.34934
1020,1114.48799,1128.35379
1021,1114.54072,1128.37998
1022,1114.541,1128.4105
1023,1114.54843,1128.42626
1024,1114.55046,1128.47017
1025,1114.55356,1128.49212
1026,1114.57524,1128.49831
1027,1114.60515,1128.50503
1028,1114.61999,1128.5204
1029,1114.62513,1128.53754
1030,1114.63495,1128.53754
1031,1114.63495,1128.54462
1032,1114.63495,1128.54563
1033,1114.63495,1128.5644
1034,1114.63495,1128.56458
1035,1114.63495,1128.56688
1036,1114.63495,1128.56703
1037,1114.63495,1128.56915
1038,1114.63495,1128.56915
1039,1114.63495,1128.56915
1040,1114.63495,1128.56915
1041,1114.63495,1128.56915
1042,1114.63495,1128.56915
1043,1114.63495,1128.56915
1044,1114.63495,1128.56915
1045,1114.63495,1128.56915
1046,1114.63673,1128.56915
1047,1114.64136,1128.56915
1048,1114.66914,1128.56915
1049,1114.69176,1128.56915
1050,1114.70422,1128.56915
1051,1114.74317,1128.56915
1052,1114.74776,1128.56915
1053,1114.74876,1128.56915
1054,1114.80837,1128.56915
1055,1114.82761,1128.56915
1056,1114.82935,1128.56915
1057,1114.83913,1128.57865
1058,1114.86106,1128.59556
1059,1114.86957,1128.59556
1060,1114.87295,1128.60919
1061,1114.87757,1128.61699
1062,1114.88616,1128.65078
1063,1114.93896,1128.67358
1064,1114.94624,1128.69776
1065,1114.97522,1128.71022
1066,1114.99127,1128.71022
1067,1115.00171,1128.71022
1068,1115.03438,1128.71022
1069,1115.04297,1128.71022
1070,1115.04501,1128.71022
1071,1115.05621,1128.71022
1072,1115.05787,1128.71022
1073,1115.07416,1128.71022
1074,1115.10365,1128.71022
1075,1115.1079,1128.71022
1076,1115.1372,1128.71022
1077,1115.13978,1128.71022
1078,1115.23507,1128.71022
1079,1115.26328,1128.71022
1080,1115.26698,1128.71022
1081,1115.28643,1128.7124
1082,1115.28902,1128.7285
1083,1115.31151,1128.7335
1084,1115.34203,1128.74673
1085,1115.35628,1128.77347
1086,1115.36796,1128.78633
1087,1115.37328,1128.79649
1088,1115.37807,1128.82702
1089,1115.38467,1128.85919
1090,1115.43637,1128.87772
1091,1115.43873,1128.90274
1092,1115.44217,1128.92392
1093,1115.44934,1128.95631
1094,1115.48066,1128.97021
1095,1115.48129,1128.97405
1096,1115.61949,1128.98455
1097,1115.63621,1128.98984
1098,1115.64137,1128.9919
1099,1115.69005,1129.03906
1100,1115.70014,1129.13928
1101,1115.76922,1129.14614
1102,1115.78093,1129.14794
1103,1115.80874,1129.16463
1104,1115.82974,1129.17474
1105,1115.84895,1129.20611
1106,1115.85088,1129.21317
1107,1115.85939,1129.21881
1108,1115.89408,1129.22065
1109,1115.91468,1129.30364
1110,1115.95288,1129.31816
1111,1115.96142,1129.33561
1112,1115.97745,1129.33959
1113,1115.97797,1129.34653
1114,1116.01677,1129.34918
1115,1116.02861,1129.35065
1116,1116.03346,1129.36317
1117,1116.06218,1129.39952
1118,1116.06497,1129.40439
1119,1116.06497,1129.40507
1120,1116.06497,1129.43281
1121,1116.06497,1129.44244
1122,1116.06497,1129.52732
1123,1116.06497,1129.55048
1124,1116.06497,1129.58686
1125,1116.07163,1129.58732
1126,1116.07466,1129.60453
1127,1116.11259,1129.60737
1128,1116.11988,1129.63252
1129,1116.15023,1129.63252
1130,1116.15901,1129.63252
1131,1116.19313,1129.63252
1132,1116.22322,1129.63252
1133,1116.24132,1129.63252
1134,1116.29472,1129.63252
1135,1116.35996,1129.63252
1136,1116.38374,1129.63252
1137,1116.40929,1129.63252
1138,1116.41859,1129.63292
1139,1116.46487,1129.63292
1140,1116.5088,1129.63292
1141,1116.53129,1129.6407
1142,1116.5506,1129.65331
1143,1116.55193,1129.66972
1144,1116.57357,1129.70495
1145,1116.57357,1129.70967
1146,1116.57357,1129.72057
1147,1116.6326,1129.73499
1148,1116.6459,1129.73722
1149,1116.68844,1129.75928
1150,1116.68933,1129.83226
1151,1116.69023,1129.83556
1152,1116.69023,1129.83579
1153,1116.7196,1129.83579
1154,1116.72408,1129.83579
1155,1116.73005,1129.83579
1156,1116.74026,1129.83579
1157,1116.74555,1129.83579
1158,1116.79838,1129.83579
1159,1116.81291,1129.84418
1160,1116.81899,1129.86071
1161,1116.86148,1129.87984
1162,1116.86458,1129.94609
1163,1116.86856,1129.95796
1164,1116.86856,1129.9761
1165,1116.86856,1130.01427
1166,1116.86856,1130.01963
1167,1116.86856,1130.0777
1168,1116.87446,1130.09581
1169,1116.98211,1130.1315
1170,1117.0015,1130.16152
1171,1117.00816,1130.16186
1172,1117.00962,1130.21225
1173,1117.03022,1130.21625
1174,1117.04172,1130.22985
1175,1117.06483,1130.24983
1176,1117.08178,1130.2745
1177,1117.11529,1130.2778
1178,1117.13523,1130.29198
1179,1117.14762,1130.30665
1180,1117.16286,1130.32839
1181,1117.17064,1130.3393
1182,1117.19038,1130.37362
1183,1117.19405,1130.3747
1184,1117.25189,1130.37659
1185,1117.25189,1130.38079
1186,1117.25189,1130.38333
1187,1117.25189,1130.38423
1188,1117.27033,1130.44098
1189,1117.27202,1130.44233
1190,1117.28729,1130.44999
1191,1117.34873,1130.48275
1192,1117.38188,1130.49467
1193,1117.38441,1130.50275
1194,1117.39281,1130.50631
1195,1117.40878,1130.5282
1196,1117.41019,1130.5282
1197,1117.42663,1130.5282
1198,1117.43434,1130.5282
1199,1117.46698,1130.52949
1200,1117.48786,1130.5304
1201,1117.50977,1130.54325
1202,1117.51966,1130.54436
1203,1117.55613,1130.54436
1204,1117.60936,1130.54436
1205,1117.61116,1130.54436
1206,1117.61602,1130.54436
1207,1117.62105,1130.54436
1208,1117.65382,1130.54436
1209,1117.65503,1130.54436
1210,1117.65579,1130.54436
1211,1117.65579,1130.54436
1212,1117.65579,1130.54436
1213,1117.65579,1130.54436
1214,1117.65579,1130.54436
1215,1117.65579,1130.54436
1216,1117.65579,1130.54436
1217,1117.65579,1130.54436
1218,1117.65579,1130.54436
1219,1117.65579,1130.54436
1220,1117.65579,1130.54436
1221,1117.65579,1130.54436
1222,1117.65579,1130.54436
1223,1117.65579,1130.54436
1224,1117.65579,1130.54436
1225,1117.65579,1130.54436
1226,1117.65579,1130.54436
1227,1117.65579,1130.54436
1228,1117.65579,1130.54436
1229,1117.65579,1130.54436
1230,1117.65579,1130.54436
1231,1117.65579,1130.54436
1232,1117.65579,1130.54436
1233,1117.65579,1130.54649
1234,1117.65579,1130.55103
1235,1117.65579,1130.5801
1236,1117.65579,1130.62597
1237,1117.6716,1130.66385
1238,1117.6716,1130.70978
1239,1117.6716,1130.7496
1240,1117.6716,1130.75113
1241,1117.72655,1130.79501
1242,1117.73189,1130.83306
1243,1117.7452,1130.83927
1244,1117.75721,1130.86494
1245,1117.80475,1130.87742
1246,1117.83016,1130.91322
1247,1117.83337,1130.94226
1248,1117.85474,1130.95855
1249,1117.89936,1130.98734
1250,1117.90812,1130.99858
1251,1117.92892,1131.00663
1252,1117.98282,1131.05641
1253,1118.00069,1131.06923
1254,1118.03447,1131.07274
1255,1118.03447,1131.08909
1256,1118.03851,1131.14324
1257,1118.06368,1131.14324
1258,1118.09082,1131.14324
1259,1118.09259,1131.14324
1260,1118.10976,1131.15529
1261,1118.10977,1131.16821
1262,1118.10987,1131.17653
1263,1118.10987,1131.20982
1264,1118.10987,1131.21582
1265,1118.10987,1131.21996
1266,1118.10987,1131.24262
1267,1118.10987,1131.2451
1268,1118.10987,1131.24522
1269,1118.10987,1131.27385
1270,1118.10987,1131.29477
1271,1118.10987,1131.29515
1272,1118.10987,1131.31112
1273,1118.10987,1131.32384
1274,1118.10987,1131.34881
1275,1118.10987,1131.35679
1276,1118.10987,1131.35958
1277,1118.10987,1131.3635
1278,1118.10987,1131.3698
1279,1118.10987,1131.38694
1280,1118.10987,1131.4068
1281,1118.10987,1131.4093
1282,1118.10987,1131.41177
1283,1118.10987,1131.41741
1284,1118.10987,1131.41821
1285,1118.10987,1131.41821
1286,1118.10987,1131.41821
1287,1118.10987,1131.41821
1288,1118.10987,1131.41821
1289,1118.10987,1131.41821
1290,1118.10987,1131.41821
1291,1118.10987,1131.41821
1292,1118.10987,1131.41821
1293,1118.10987,1131.41821
1294,1118.18862,1131.41821
1295,1118.19305,1131.41821
1296,1118.20147,1131.41821
1297,1118.24134,1131.41821
1298,1118.26926,1131.41821
1299,1118.30961,1131.41821
1300,1118.31108,1131.41821
1301,1118.36013,1131.41821
1302,1118.40454,1131.41821
1303,1118.4082,1131.41821
1304,1118.41495,1131.41821
1305,1118.48013,1131.41821
1306,1118.48356,1131.41821
1307,1118.49092,1131.41821
1308,1118.50876,1131.41821
1309,1118.5202,1131.41821
1310,1118.53052,1131.41821
1311,1118.53912,1131.41821
1312,1118.61149,1131.41821
1313,1118.62557,1131.41821
1314,1118.6304,1131.41821
1315,1118.6304,1131.41821
1316,1118.70318,1131.41821
1317,1118.70501,1131.41821
1318,1118.71974,1131.41953
1319,1118.72211,1131.43586
1320,1118.72355,1131.43654
1321,1118.72804,1131.45411
1322,1118.75762,1131.45411
1323,1118.7709,1131.45411
1324,1118.83058,1131.48764
1325,1118.88932,1131.54718
1326,1118.93276,1131.57385
1327,1118.93592,1131.6551
1328,1118.9521,1131.66149
1329,1118.95213,1131.67259
1330,1118.97233,1131.67259
1331,1118.99643,1131.67259
1332,1119.01473,1131.69164
1333,1119.0601,1131.69476
1334,1119.06311,1131.71239
1335,1119.06931,1131.72631
1336,1119.07283,1131.7417
1337,1119.0998,1131.76567
1338,1119.10389,1131.77537
1339,1119.13314,1131.81669
1340,1119.16885,1131.83961
1341,1119.26409,1131.85418
1342,1119.31441,1131.85656
1343,1119.34836,1131.89706
1344,1119.37135,1131.89925
1345,1119.40729,1131.92288
1346,1119.41933,1132.00326
1347,1119.43219,1132.03154
1348,1119.4409,1132.10417
1349,1119.47904,1132.11343
1350,1119.51846,1132.18427
1351,1119.52651,1132.20432
1352,1119.52851,1132.23916
1353,1119.53615,1132.24077
1354,1119.55755,1132.24821
1355,1119.60891,1132.2784
1356,1119.63843,1132.32398
1357,1119.67536,1132.33521
1358,1119.68893,1132.35721
1359,1119.78177,1132.38157
1360,1119.78457,1132.38507
1361,1119.86767,1132.47698
1362,1119.87398,1132.59179
1363,1119.89036,1132.73072
1364,1119.89692,1132.77612
1365,1119.90134,1132.82489
1366,1119.91128,1132.85784
1367,1119.98357,1132.88716
1368,1120.02164,1132.93082
1369,1120.03584,1132.94921
1370,1120.04804,1132.97112
1371,1120.05486,1132.98332
1372,1120.07988,1132.99254
1373,1120.09203,1133.04454
1374,1120.10794,1133.05425
1375,1120.13883,1133.08351
1376,1120.14183,1133.11868
1377,1120.30791,1133.15707
1378,1120.31494,1133.16867
1379,1120.31573,1133.23608
1380,1120.34915,1133.32262
1381,1120.36172,1133.33466
1382,1120.38938,1133.33642
1383,1120.40797,1133.36777
1384,1120.41461,1133.41094
1385,1120.43755,1133.41376
1386,1120.44733,1133.41975
1387,1120.45227,1133.47438
1388,1120.45559,1133.48197
1389,1120.4867,1133.50799
1390,1120.51861,1133.59708
1391,1120.59807,1133.63043
1392,1120.63878,1133.65342
1393,1120.65676,1133.65465
1394,1120.77966,1133.68275
1395,1120.82337,1133.70273
1396,1120.82536,1133.83691
1397,1120.86382,1133.8915
1398,1120.93232,1133.91078
1399,1120.99797,1133.94265
1400,1121.00488,1133.94714
1401,1121.02687,1133.9564
1402,1121.05236,1133.99357
1403,1121.07966,1134.0044
1404,1121.0876,1134.03717
1405,1121.0931,1134.09101
1406,1121.10651,1134.10085
1407,1121.15862,1134.12386
1408,1121.17483,1134.18837
1409,1121.19099,1134.20705
1410,1121.22501,1134.24043
1411,1121.25805,1134.24094
1412,1121.40875,1134.24776
1413,1121.42774,1134.35901
1414,1121.48372,1134.38549
1415,1121.48467,1134.5652
1416,1121.59127,1134.65065
1417,1121.77755,1134.70591
1418,1121.81321,1134.72508
1419,1121.81392,1134.7292
1420,1121.8521,1134.75271
1421,1121.8524,1134.77863
1422,1121.8568,1134.86411
1423,1121.86787,1134.88367
1424,1121.90256,1134.89318
1425,1121.97067,1134.93081
1426,1122.01068,1134.96751
1427,1122.06489,1135.08938
1428,1122.07797,1135.09398
1429,1122.10836,1135.10195
1430,1122.1101,1135.15021
1431,1122.13551,1135.1526
1432,1122.1394,1135.21814
1433,1122.15733,1135.27573
1434,1122.18909,1135.39994
1435,1122.2034,1135.43528
1436,1122.24253,1135.44118
1437,1122.275,1135.4628
1438,1122.2836,1135.46349
1439,1122.3192,1135.51092
1440,1122.33339,1135.54473
1441,1122.36338,1135.71257
1442,1122.39556,1135.72683
1443,1122.41525,1135.8272
1444,1122.42738,1135.83693
1445,1122.42738,1135.89621
1446,1122.42771,1135.90383
1447,1122.42771,1135.93965
1448,1122.42771,1135.93971
1449,1122.42771,1136.00189
1450,1122.42771,1136.01228
1451,1122.42771,1136.16413
1452,1122.49904,1136.1987
1453,1122.63561,1136.22209
1454,1122.76344,1136.24078
1455,1122.79702,1136.32169
1456,1122.87522,1136.37583
1457,1122.89638,1136.38205
1458,1122.94359,1136.39552
1459,1123.09016,1136.39552
1460,1123.10103,1136.39686
1461,1123.12736,1136.41406
1462,1123.18638,1136.43003
1463,1123.22675,1136.47083
1464,1123.24577,1136.4926
1465,1123.30467,1136.53629
1466,1123.32389,1136.59931
1467,1123.38612,1136.61198
1468,1123.52811,1136.64862
1469,1123.53102,1136.70249
1470,1123.62486,1136.71751
1471,1123.68767,1136.71863
1472,1123.70363,1136.72791
1473,1123.84611,1136.73028
1474,1123.89598,1136.7451
1475,1124.00087,1136.74575
1476,1124.01332,1136.74616
1477,1124.09169,1136.74616
1478,1124.1672,1136.74616
1479,1124.17438,1136.74616
1480,1124.20378,1136.74616
1481,1124.20618,1136.74616
1482,1124.23743,1136.75704
1483,1124.30488,1136.8018
1484,1124.40912,1136.80829
1485,1124.46315,1136.84334
1486,1124.49226,1136.86423
1487,1124.50866,1137.00662
1488,1124.56341,1137.025
1489,1124.57987,1137.11113
1490,1124.62982,1137.12042
1491,1124.65486,1137.21816
1492,1124.70579,1137.24082
1493,1124.78634,1137.25171
1494,1124.79138,1137.32148
1495,1124.80814,1137.34505
1496,1124.84789,1137.36742
1497,1124.91196,1137.4165
1498,1124.93051,1137.4207
1499,1124.94249,1137.47818
1500,1124.94375,1137.50607
1501,1124.96471,1137.55609
1502,1124.96707,1137.58096
1503,1124.97658,1137.61505
1504,1124.98529,1137.80678
1505,1125.00207,1137.87274
1506,1125.00772,1137.87516
1507,1125.14317,1137.88422
1508,1125.15702,1137.88422
1509,1125.17199,1137.88422
1510,1125.20222,1137.88422
1511,1125.2234,1137.9115
1512,1125.24205,1137.92466
1513,1125.25431,1138.00456
1514,1125.29069,1138.03578
1515,1125.35725,1138.05814
1516,1125.39784,1138.06306
1517,1125.40583,1138.07283
1518,1125.43804,1138.16487
1519,1125.44336,1138.16487
1520,1125.46799,1138.2451
1521,1125.49506,1138.32472
1522,1125.5644,1138.34237
1523,1125.60091,1138.37137
1524,1125.71726,1138.38042
1525,1125.78983,1138.41376
1526,1125.80372,1138.4141
1527,1125.80411,1138.45363
1528,1125.81374,1138.48938
1529,1125.82521,1138.56173
1530,1125.85716,1138.60437
1531,1125.86212,1138.62493
1532,1125.95337,1138.6352
1533,1125.9878,1138.63594
1534,1125.99225,1138.6706
1535,1126.07205,1138.67441
1536,1126.10103,1138.70347
1537,1126.11355,1138.74001
1538,1126.14138,1138.74924
1539,1126.17862,1138.75009
1540,1126.18447,1138.76135
1541,1126.19906,1138.85203
1542,1126.28005,1138.8746
1543,1126.29548,1138.91023
1544,1126.34529,1138.92562
1545,1126.34561,1138.92811
1546,1126.36658,1138.95258
1547,1126.40287,1138.99706
1548,1126.43617,1139.00182
1549,1126.46629,1139.15736
1550,1126.48758,1139.23699
1551,1126.50649,1139.24685
1552,1126.52791,1139.28418
1553,1126.55139,1139.28788
1554,1126.58879,1139.31597
1555,1126.62848,1139.36205
1556,1126.69636,1139.36815
1557,1126.69636,1139.37138
1558,1126.69636,1139.39887
1559,1126.69636,1139.4462
1560,1126.70275,1139.48481
1561,1126.72599,1139.48603
1562,1126.7503,1139.48651
1563,1126.7503,1139.49469
1564,1126.7503,1139.49586
1565,1126.75692,1139.53717
1566,1126.76513,1139.54031
1567,1126.84484,1139.6152
1568,1126.91378,1139.71641
1569,1126.91695,1139.73833
1570,1126.92274,1139.76438
1571,1127.00885,1139.79983
1572,1127.09766,1139.81149
1573,1127.13763,1139.84582
1574,1127.14477,1139.93353
1575,1127.18717,1139.98116
1576,1127.21784,1140.02399
1577,1127.22075,1140.03339
1578,1127.22228,1140.03341
1579,1127.28031,1140.03341
1580,1127.3035,1140.04415
1581,1127.30372,1140.11439
1582,1127.40444,1140.11808
1583,1127.40853,1140.11951
1584,1127.45666,1140.21866
1585,1127.45666,1140.23306
1586,1127.45666,1140.25691
1587,1127.45666,1140.26617
1588,1127.45666,1140.27098
1589,1127.45666,1140.30007
1590,1127.45666,1140.31027
1591,1127.45666,1140.33692
1592,1127.45666,1140.34917
1593,1127.46775,1140.49392
1594,1127.51528,1140.55834
1595,1127.54847,1140.56411
1596,1127.61673,1140.58361
1597,1127.62358,1140.63743
1598,1127.69756,1140.66188
1599,1127.73233,1140.71826
1600,1127.81978,1140.76258
1601,1127.89191,1140.80547
1602,1127.96008,1140.81386
1603,1128.03181,1140.88032
1604,1128.06721,1140.90037
1605,1128.06873,1140.95781
1606,1128.11801,1141.0203
1607,1128.14052,1141.0219
1608,1128.16326,1141.05133
1609,1128.17168,1141.06375
1610,1128.22341,1141.07101
1611,1128.23295,1141.11256
1612,1128.30521,1141.14114
1613,1128.34288,1141.18728
1614,1128.35538,1141.18728
1615,1128.51866,1141.18728
1616,1128.62244,1141.18728
1617,1128.63642,1141.20111
1618,1128.63904,1141.23911
1619,1128.63904,1141.40439
1620,1128.66664,1141.48976
1621,1128.68054,1141.50296
1622,1128.69333,1141.51396
1623,1128.74587,1141.53897
1624,1128.75141,1141.62246
1625,1128.77089,1141.64578
1626,1128.86403,1141.69925
1627,1128.95734,1141.732
1628,1128.98064,1141.74094
1629,1128.99641,1141.78036
1630,1129.08614,1141.97192
1631,1129.10221,1141.97192
1632,1129.10596,1141.97192
1633,1129.14057,1141.97192
1634,1129.14239,1141.97192
1635,1129.17351,1141.97192
1636,1129.22516,1141.97192
1637,1129.39467,1142.10445
1638,1129.46908,1142.20564
1639,1129.47963,1142.24679
1640,1129.70556,1142.25711
1641,1129.83058,1142.29338
1642,1129.86711,1142.32241
1643,1129.92757,1142.41956
1644,1130.0537,1142.44268
1645,1130.10328,1142.53021
1646,1130.22091,1142.75908
1647,1130.25322,1142.80189
1648,1130.29149,1142.82261
1649,1130.36067,1142.83936
1650,1130.42788,1142.87872
1651,1130.52834,1142.9728
1652,1130.62781,1143.03062
1653,1130.74933,1143.10014
1654,1130.74933,1143.18454
1655,1130.74933,1143.2954
1656,1130.79432,1143.414
1657,1130.80886,1143.56351
1658,1130.81451,1143.59082
1659,1130.93026,1143.5953
1660,1131.30626,1143.75006
1661,1131.3141,1143.75232
1662,1131.50419,1143.75533
1663,1131.55115,1143.75812
1664,1131.61957,1143.79603
1665,1131.63435,1143.85044
1666,1131.65467,1143.91921
1667,1131.89712,1143.95938
1668,1131.91807,1144.10304
1669,1131.94374,1144.10449
1670,1132.00893,1144.19469
1671,1132.0239,1144.20061
1672,1132.21889,1144.22906
1673,1132.25529,1144.38573
1674,1132.34197,1144.43586
1675,1132.38872,1144.45207
1676,1132.40633,1144.45563
1677,1132.40872,1144.59397
1678,1132.50022,1144.61422
1679,1132.62115,1144.66136
1680,1132.62564,1144.66523
1681,1132.70705,1144.68515
1682,1132.77861,1144.79015
1683,1132.78662,1144.85303
1684,1132.92497,1144.88318
1685,1133.00072,1144.90535
1686,1133.02281,1145.04604
1687,1133.02894,1145.07757
1688,1133.09706,1145.13191
1689,1133.1457,1145.17027
1690,1133.14677,1145.17298
1691,1133.18063,1145.23936
1692,1133.20994,1145.54375
1693,1133.47375,1145.5619
1694,1133.56444,1145.61192
1695,1133.67858,1145.63604
1696,1133.7578,1145.76694
1697,1133.8121,1145.8325
1698,1134.05225,1145.83456
1699,1134.08905,1145.85989
1700,1134.14124,1145.86658
1701,1134.16689,1145.90736
1702,1134.34461,1145.995
1703,1134.40618,1146.18478
1704,1134.46002,1146.21096
1705,1134.56908,1146.31665
1706,1134.65708,1146.36616
1707,1134.6886,1146.53653
1708,1134.71278,1146.60415
1709,1134.85622,1146.71936
1710,1134.89497,1146.74329
1711,1134.98658,1146.81938
1712,1135.14664,1147.04051
1713,1135.22369,1147.27527
1714,1135.40695,1147.29093
1715,1135.53626,1147.4404
1716,1135.67716,1147.52245
1717,1135.67833,1147.67188
1718,1135.74461,1147.81802
1719,1135.7456,1147.84874
1720,1135.80845,1147.92067
1721,1135.93161,1147.95432
1722,1136.01517,1148.0311
1723,1136.06034,1148.07468
1724,1136.20864,1148.12098
1725,1136.21064,1148.44314
1726,1136.22129,1148.52796
1727,1136.32852,1148.66658
1728,1136.45763,1148.74564
1729,1136.55354,1148.75111
1730,1136.72495,1148.90124
1731,1136.96912,1149.09621
1732,1136.99026,1149.19805
1733,1137.14789,1149.2725
1734,1137.20826,1149.34412
1735,1137.31956,1149.3662
1736,1137.35368,1149.59025
1737,1137.49877,1149.73102
1738,1137.58439,1149.77813
1739,1137.83841,1149.78581
1740,1137.90476,1149.83718
1741,1137.99728,1149.89801
1742,1138.05974,1149.90664
1743,1138.17862,1149.94094
1744,1138.27964,1149.95531
1745,1138.4255,1150.19636
1746,1138.49687,1150.21239
1747,1138.59419,1150.37562
1748,1138.61782,1150.41679
1749,1138.70592,1150.46035
1750,1138.70593,1150.63703
1751,1138.74617,1150.65696
1752,1138.7881,1150.80694
1753,1138.91694,1150.84195
1754,1138.91695,1151.01695
1755,1138.926,1151.01695
1756,1139.05878,1151.02855
1757,1139.05878,1151.03716
1758,1139.0849,1151.03717
1759,1139.12304,1151.03717
1760,1139.12755,1151.03717
1761,1139.15466,1151.03717
1762,1139.15931,1151.03717
1763,1139.31565,1151.03717
1764,1139.31645,1151.03717
1765,1139.37465,1151.03717
1766,1139.40203,1151.03717
1767,1139.40203,1151.03717
1768,1139.40203,1151.03717
1769,1139.40203,1151.03717
1770,1139.40203,1151.05213
1771,1139.40203,1151.1688
1772,1139.40203,1151.17069
1773,1139.40203,1151.21896
1774,1139.40203,1151.29944
1775,1139.40203,1151.29944
1776,1139.40203,1151.37912
1777,1139.40203,1151.43078
1778,1139.44176,1151.43602
1779,1139.53993,1151.55247
1780,1139.75205,1151.58378
1781,1139.77062,1151.76382
1782,1139.83389,1151.81582
1783,1139.83585,1151.85507
1784,1139.83585,1151.85782
1785,1139.83585,1151.88058
1786,1139.83585,1152.04269
1787,1139.90372,1152.05216
1788,1139.90372,1152.05399
1789,1139.90372,1152.05399
1790,1139.90372,1152.05399
1791,1139.97819,1152.05399
1792,1139.97819,1152.05399
1793,1140.01856,1152.05399
1794,1140.14808,1152.07788
1795,1140.18553,1152.09172
1796,1140.24163,1152.17982
1797,1140.29313,1152.25124
1798,1140.31883,1152.25527
1799,1140.32473,1152.28391
1800,1140.56092,1152.29866
1801,1140.56092,1152.29866
1802,1140.71525,1152.37336
1803,1140.85785,1152.39701
1804,1140.87106,1152.39701
1805,1140.90018,1152.39701
1806,1140.93552,1152.39701
1807,1140.94024,1152.39701
1808,1141.0014,1152.40888
1809,1141.02859,1152.46632
1810,1141.03573,1152.46632
1811,1141.03599,1152.46632
1812,1141.03599,1152.46632
1813,1141.03599,1152.52115
1814,1141.03599,1152.62686
1815,1141.03599,1152.69603
1816,1141.03599,1152.70543
1817,1141.03599,1152.74049
1818,1141.04641,1152.88541
1819,1141.11285,1153.34741
1820,1141.20031,1153.40345
1821,1141.23303,1153.42123
1822,1141.33604,1153.65369
1823,1141.61046,1153.65369
1824,1141.73076,1153.77685
1825,1141.87108,1153.78007
1826,1142.01184,1153.79124
1827,1142.04401,1153.91262
1828,1142.26528,1153.97367
1829,1142.45733,1154.16726
1830,1142.68284,1154.19794
1831,1142.79861,1154.21829
1832,1142.84104,1154.27196
1833,1142.84784,1154.32336
1834,1142.90931,1154.32766
1835,1142.94343,1154.45395
1836,1143.27029,1154.48846
1837,1143.30698,1154.58072
1838,1143.36945,1154.90795
1839,1143.45986,1155.02981
1840,1143.51534,1155.24852
1841,1143.51534,1155.28172
1842,1143.73522,1155.34288
1843,1143.77623,1155.48915
1844,1143.78726,1155.53863
1845,1143.82107,1155.73327
1846,1143.89737,1155.7651
1847,1143.98322,1156.05401
1848,1144.2629,1156.2661
1849,1144.40867,1156.3124
1850,1144.50475,1156.46241
1851,1144.75212,1156.49221
1852,1144.78791,1156.56238
1853,1144.99826,1156.59231
1854,1145.06785,1156.66658
1855,1145.19083,1156.68548
1856,1145.23239,1156.71618
1857,1145.40011,1156.92261
1858,1145.44359,1156.94512
1859,1145.63977,1157.03615
1860,1145.76763,1157.03615
1861,1145.82719,1157.03919
1862,1146.23943,1157.03919
1863,1146.35125,1157.03919
1864,1146.38346,1157.16458
1865,1146.56729,1157.31943
1866,1146.64024,1157.64327
1867,1146.67893,1157.66915
1868,1147.08714,1157.70831
1869,1147.1154,1158.26183
1870,1147.1154,1158.39103
1871,1147.1154,1158.6544
1872,1147.11752,1158.66368
1873,1147.11752,1158.93556
1874,1147.17282,1159.29357
1875,1147.34655,1159.29869
1876,1147.5037,1159.61624
1877,1147.55202,1159.70148
1878,1147.63308,1159.9792
1879,1147.67808,1160.05899
1880,1148.17512,1160.13279
1881,1148.4023,1160.22087
1882,1148.4277,1160.3068
1883,1148.55085,1160.3918
1884,1148.65697,1160.39683
1885,1148.67948,1160.63775
1886,1149.07054,1160.81378
1887,1149.18598,1161.35833
1888,1149.19926,1161.36073
1889,1149.19926,1161.42612
1890,1149.26112,1161.43221
1891,1149.58069,1161.53385
1892,1149.58762,1161.5508
1893,1149.59735,1161.62624
1894,1149.65426,1161.76375
1895,1149.69031,1161.88863
1896,1149.92162,1161.92113
1897,1149.98682,1162.27862
1898,1150.04687,1162.364
1899,1150.5205,1162.60458
1900,1150.53114,1162.72625
1901,1150.66021,1162.89733
1902,1150.80839,1162.89733
1903,1151.47417,1162.94402
1904,1151.58558,1163.0519
1905,1152.00606,1163.19148
1906,1152.26821,1163.30544
1907,1152.51799,1163.35491
1908,1152.53853,1163.62057
1909,1152.60313,1164.0714
1910,1152.64311,1164.12085
1911,1152.75631,1164.21671
1912,1152.78971,1164.2378
1913,1152.8921,1164.30497
1914,1153.56488,1164.45936
1915,1153.56858,1164.63479
1916,1153.66053,1164.67325
1917,1153.86738,1164.73892
1918,1153.9564,1164.95657
1919,1154.15373,1165.33918
1920,1154.15828,1165.47755
1921,1154.38124,1165.50625
1922,1154.62023,1165.62808
1923,1154.82071,1165.85331
1924,1154.85733,1166.2578
1925,1154.88116,1167.26374
1926,1154.98424,1167.28204
1927,1155.13561,1167.28588
1928,1155.14215,1167.41289
1929,1155.18585,1167.51048
1930,1155.20862,1167.51785
1931,1155.21269,1167.58758
1932,1155.8891,1167.75381
1933,1156.02148,1167.88672
1934,1156.71812,1167.89869
1935,1156.74971,1168.01288
1936,1156.85758,1168.12303
1937,1156.94643,1168.14401
1938,1156.99679,1168.38915
1939,1157.00887,1168.40101
1940,1157.59821,1168.43436
1941,1157.8217,1168.53924
1942,1157.89848,1168.63728
1943,1158.10137,1168.69387
1944,1158.16689,1168.71828
1945,1158.18558,1168.75306
1946,1158.19937,1168.94415
1947,1158.25192,1169.12915
1948,1158.29949,1169.17001
1949,1158.4816,1169.5679
1950,1158.6098,1169.60574
1951,1158.66629,1169.6816
1952,1158.83203,1169.93157
1953,1158.87293,1170.03338
1954,1158.94966,1170.04767
1955,1159.0657,1170.05524
1956,1159.09475,1170.3213
1957,1159.11982,1170.42187
1958,1159.29039,1170.50015
1959,1159.36664,1170.50673
1960,1159.44615,1170.72193
1961,1159.50262,1171.20986
1962,1159.59901,1171.21515
1963,1159.63265,1171.30745
1964,1159.78152,1171.4808
1965,1159.86732,1171.50426
1966,1160.02641,1171.53509
1967,1160.25636,1171.67328
1968,1160.85054,1171.69517
1969,1160.92491,1171.70915
1970,1161.18765,1171.83418
1971,1161.36344,1171.87818
1972,1161.55711,1171.9598
1973,1161.81718,1171.99445
1974,1161.82398,1172.35552
1975,1161.94825,1172.42471
1976,1162.1743,1172.57169
1977,1162.28711,1172.60419
1978,1162.46901,1172.66268
1979,1162.53721,1172.81678
1980,1162.62438,1172.848
1981,1162.63135,1172.91711
1982,1162.72637,1172.94763
1983,1162.79089,1172.96949
1984,1162.85561,1173.01418
1985,1163.08688,1173.19224
1986,1163.19342,1173.25428
1987,1163.29508,1173.37303
1988,1163.30529,1173.42565
1989,1163.41326,1173.69173
1990,1163.44575,1173.75236
1991,1163.65242,1173.84764
1992,1163.66414,1173.91693
1993,1163.67375,1173.9911
1994,1163.97914,1174.02412
1995,1164.05649,1174.18162
1996,1164.07648,1174.48954
1997,1164.09396,1174.52511
1998,1164.10901,1174.77178
1999,1164.23099,1174.78716
2000,1164.75318,1175.13397
2001,1165.12712,1175.14475
2002,1165.17173,1175.15554
2003,1165.25001,1175.1596
2004,1165.34146,1175.19183
2005,1165.76316,1175.21332
2006,1165.89526,1175.23486
2007,1165.92144,1175.40028
2008,1165.9545,1175.59112
2009,1166.0786,1175.73571
2010,1166.14116,1175.75249
2011,1166.45829,1175.75973
2012,1166.52142,1175.77046
2013,1166.57637,1176.00016
2014,1166.90389,1176.12268
2015,1166.99545,1176.14421
2016,1167.06709,1176.17396
2017,1167.39739,1176.22913
2018,1167.4936,1176.29478
2019,1167.60802,1176.44321
2020,1167.75283,1176.44751
2021,1167.80654,1176.45964
2022,1168.16743,1176.49803
2023,1168.22249,1176.52154
2024,1168.37593,1176.52277
2025,1168.55963,1176.5827
2026,1168.66716,1176.58749
2027,1168.68923,1176.59769
2028,1168.6941,1176.76121
2029,1168.6941,1176.7995
2030,1168.6941,1177.07817
2031,1168.6941,1177.1352
2032,1168.6941,1177.3564
2033,1168.6941,1177.38302
2034,1168.77012,1177.42012
2035,1168.78366,1177.5879
2036,1168.78711,1177.62693
2037,1168.79014,1177.65495
2038,1168.79628,1178.01825
2039,1168.82398,1178.09193
2040,1168.82434,1178.29541
2041,1168.8368,1178.47586
2042,1168.87749,1178.52247
2043,1168.88703,1178.64613
2044,1168.96249,1178.77775
2045,1168.97004,1178.78318
2046,1168.97312,1178.93649
2047,1169.00354,1178.94744
2048,1169.03356,1178.95281
2049,1169.16848,1179.03653
2050,1169.26796,1179.03859
2051,1169.26796,1179.10166
2052,1169.31454,1179.18969
2053,1169.34526,1179.35123
2054,1169.94092,1179.35832
2055,1170.17898,1179.44322
2056,1170.31657,1179.54303
2057,1170.40718,1179.59223
2058,1170.46176,1179.59223
2059,1170.54779,1179.59223
2060,1170.57355,1179.59223
2061,1170.67098,1179.59223
2062,1170.71563,1179.59223
2063,1170.72043,1179.61591
2064,1170.8893,1179.64209
2065,1170.93404,1179.72946
2066,1170.96045,1179.78239
2067,1170.96564,1180.18048
2068,1170.97949,1180.38775
2069,1171.00287,1180.44395
2070,1171.01508,1180.44395
2071,1171.03113,1180.61657
2072,1171.04508,1180.61887
2073,1171.10175,1180.9353
2074,1171.10516,1181.22368
2075,1171.11378,1181.36045
2076,1171.18513,1181.4883
2077,1171.3246,1181.8724
2078,1171.67992,1181.89855
2079,1171.69352,1182.36176
2080,1172.13787,1182.5812
2081,1172.14379,1182.74865
2082,1172.2309,1183.29691
2083,1172.56613,1183.76302
2084,1172.85604,1183.76358
2085,1173.3646,1183.88709
2086,1173.4898,1184.42306
2087,1173.5458,1184.44889
2088,1173.71934,1184.68677
2089,1173.83959,1184.74871
2090,1173.95118,1184.75395
2091,1174.01772,1184.79348
2092,1174.1614,1185.06403
2093,1174.28365,1185.07903
2094,1174.47998,1185.32996
2095,1174.94728,1185.39295
2096,1175.10197,1185.45658
2097,1175.19838,1185.53769
2098,1175.59162,1185.65228
2099,1175.59976,1185.78039
2100,1175.59976,1186.02423
2101,1176.02133,1186.29467
2102,1176.23153,1186.32724
2103,1176.23338,1186.33349
2104,1176.47844,1186.33349
2105,1176.49643,1186.39565
2106,1176.52793,1186.40584
2107,1176.58731,1186.50607
2108,1176.62634,1186.67376
2109,1176.63894,1186.75309
2110,1176.68122,1186.77394
2111,1177.00906,1186.79646
2112,1177.09814,1187.2333
2113,1177.16764,1187.5586
2114,1177.34993,1187.58489
2115,1177.78714,1188.01783
2116,1178.24921,1188.26178
2117,1178.30533,1188.40097
2118,1178.3485,1188.65336
2119,1178.38852,1188.66961
2120,1178.44843,1188.6781
2121,1178.47259,1188.71278
2122,1178.80091,1188.77498
2123,1178.97051,1188.83833
2124,1179.03416,1189.04099
2125,1179.16286,1189.32616
2126,1179.17562,1189.53284
2127,1179.33137,1189.90586
2128,1180.22006,1189.98085
2129,1180.5348,1190.09363
2130,1180.59313,1190.17522
2131,1180.62478,1190.24134
2132,1180.64885,1190.45631
2133,1180.68392,1190.72671
2134,1180.75199,1190.93505
2135,1180.85805,1191.00048
2136,1180.87001,1191.03864
2137,1181.23752,1191.12753
2138,1181.34394,1191.81923
2139,1181.53646,1192.00881
2140,1181.58349,1192.0226
2141,1182.01992,1192.09208
2142,1182.36307,1192.41242
2143,1182.42706,1192.57731
2144,1182.64709,1192.60129
2145,1183.01088,1192.63276
2146,1183.34358,1192.76854
2147,1183.53359,1193.16179
2148,1183.63711,1193.19374
2149,1183.81328,1193.37177
2150,1183.94526,1193.59985
2151,1184.44754,1194.02154
2152,1184.933,1194.26899
2153,1185.04373,1194.55886
2154,1185.05167,1194.79578
2155,1185.09512,1195.22441
2156,1185.31602,1195.49107
2157,1185.67555,1195.59245
2158,1185.97676,1196.2771
2159,1186.50373,1196.30146
2160,1186.66054,1196.72149
2161,1186.89746,1196.88101
2162,1187.14518,1197.76014
2163,1187.24355,1197.807
2164,1187.35076,1197.83981
2165,1187.75764,1197.91825
2166,1187.96448,1197.93278
2167,1188.1637,1197.9545
2168,1188.66898,1197.98389
2169,1188.72042,1198.00758
2170,1188.93384,1198.28176
2171,1189.00396,1198.36547
2172,1189.28863,1198.36547
2173,1189.31462,1198.93848
2174,1189.34022,1198.99986
2175,1189.42521,1199.15847
2176,1189.53186,1199.22109
2177,1189.60302,1199.38566
2178,1189.61243,1199.54021
2179,1189.61243,1199.85824
2180,1189.77239,1200.01066
2181,1190.0335,1200.23684
2182,1190.05089,1200.85166
2183,1190.25162,1201.8391
2184,1190.7263,1202.03545
2185,1191.10833,1202.26922
2186,1191.20687,1202.36687
2187,1191.23247,1202.74811
2188,1191.72873,1202.80597
2189,1191.86618,1203.07975
2190,1192.02938,1203.11296
2191,1192.03025,1203.1479
2192,1192.98861,1203.73949
2193,1193.0596,1203.89352
2194,1193.11157,1204.03613
2195,1193.36095,1204.28204
2196,1193.77006,1204.34645
2197,1193.84748,1204.51666
2198,1193.93768,1204.67203
2199,1194.10324,1205.09496
2200,1194.12648,1205.162
2201,1194.18649,1205.77454
2202,1194.31596,1205.89862
2203,1194.41518,1205.97195
2204,1194.43096,1206.06468
2205,1194.74973,1206.09281
2206,1194.83152,1206.17568
2207,1194.88289,1206.47266
2208,1194.90688,1206.61456
2209,1194.90688,1206.64929
2210,1194.90688,1206.77382
2211,1194.92557,1206.84215
2212,1194.94881,1206.87194
2213,1195.10124,1206.96658
2214,1195.35745,1207.03512
2215,1195.56102,1207.03512
2216,1195.57443,1207.03512
2217,1195.79203,1207.49629
2218,1195.95759,1207.50546
2219,1196.13929,1207.81665
2220,1196.66752,1208.10677
2221,1196.73295,1208.15341
2222,1196.82179,1208.37343
2223,1197.34498,1209.13345
2224,1197.45258,1209.15575
2225,1197.97891,1209.16713
2226,1198.52127,1209.23139
2227,1198.53328,1210.2604
2228,1198.67466,1210.32917
2229,1199.40904,1210.39827
2230,1200.10205,1210.43076
2231,1200.16851,1210.78217
2232,1200.19911,1211.17134
2233,1200.5591,1211.30958
2234,1201.33779,1211.35916
2235,1201.45886,1211.55654
2236,1201.95498,1211.57542
2237,1201.98923,1212.66031
2238,1202.02103,1212.99752
2239,1202.32572,1213.28048
2240,1202.37484,1213.29851
2241,1202.51968,1213.29955
2242,1202.77977,1214.57886
2243,1203.14099,1215.20341
2244,1203.49783,1215.33371
2245,1203.77707,1215.343
2246,1204.09528,1215.72475
2247,1204.22714,1215.97684
2248,1204.3001,1216.05066
2249,1204.46546,1216.17996
2250,1204.61877,1216.84715
2251,1205.34817,1216.87211
2252,1205.79915,1216.89239
2253,1206.41775,1217.34283
2254,1206.64542,1217.44132
2255,1207.14865,1218.15009
2256,1207.86472,1218.22279
2257,1208.3061,1218.60035
2258,1208.3087,1219.19937
2259,1208.79784,1219.34053
2260,1209.07303,1219.43908
2261,1209.09948,1219.51702
2262,1209.29482,1219.54175
2263,1209.89893,1219.61148
2264,1209.97067,1219.61402
2265,1210.13177,1219.85705
2266,1210.177,1219.88599
2267,1210.24008,1219.92855
2268,1210.30285,1220.50068
2269,1210.73584,1220.74314
2270,1211.51924,1220.89627
2271,1211.60998,1221.28832
2272,1211.91137,1221.63713
2273,1212.26654,1221.74427
2274,1212.34219,1222.38447
2275,1212.56031,1222.84905
2276,1212.57774,1223.13604
2277,1212.7803,1223.15516
2278,1213.52233,1223.22228
2279,1213.57174,1223.25555
2280,1213.62789,1223.52265
2281,1213.67155,1224.0947
2282,1213.77132,1224.1749
2283,1213.8208,1224.53193
2284,1214.22344,1224.79284
2285,1214.48066,1224.93139
2286,1215.00209,1224.95783
2287,1215.3066,1225.19285
2288,1215.59219,1225.32868
2289,1215.61178,1226.28024
2290,1215.61859,1226.58258
2291,1216.03201,1226.81858
2292,1216.29006,1226.81949
2293,1216.50689,1226.82741
2294,1217.2773,1227.61631
0,1217.5214,1227.72887
2295,1217.75154,1227.74973
2296,1218.08558,1227.75544
2297,1218.18048,1228.1442
2298,1218.3301,1228.57723
2299,1218.37715,1228.83194
2300,1218.63713,1229.00597
2301,1218.88575,1229.57933
2302,1219.38682,1229.62805
2303,1219.74158,1229.84841
2304,1219.94814,1230.05136
2305,1220.36892,1230.20547
2306,1221.07133,1230.80472
2307,1221.10849,1231.40282
2308,1221.27396,1231.66872
2309,1221.44496,1231.80685
2310,1221.90755,1231.96626
2311,1221.97392,1232.16903
2312,1222.03559,1232.29352
2313,1222.17587,1232.35074
2314,1222.25142,1233.22578
2315,1222.79248,1233.41276
2316,1223.10595,1233.43696
2317,1223.54119,1233.4784
2318,1223.5816,1234.20508
2319,1223.60286,1235.24149
2320,1224.03106,1235.55434
2321,1224.31027,1235.79753
2322,1224.68154,1235.96786
2323,1225.08065,1236.49295
2324,1225.13717,1236.68707
2325,1225.41769,1236.87055
2326,1226.07558,1237.14301
2327,1226.13794,1237.29173
2328,1226.34487,1237.89187
2329,1227.49154,1238.03653
2330,1227.70691,1238.2056
2331,1228.49257,1238.30129
2332,1228.49257,1238.42497
2333,1228.52423,1238.54283
2334,1229.69415,1238.73691
2335,1229.79256,1239.12604
2336,1229.81619,1239.17775
2337,1230.45215,1239.21782
2338,1230.56155,1239.30301
2339,1230.88045,1239.37344
2340,1231.33672,1239.4479
2341,1231.84576,1239.45257
2342,1231.94515,1239.95094
2343,1232.00635,1239.95094
2344,1232.50362,1240.55973
2345,1232.50362,1240.70714
2346,1232.63728,1241.0957
2347,1232.64007,1241.2721
2348,1232.88598,1241.59273
2349,1233.0761,1241.59954
2350,1233.13483,1241.85205
2351,1233.19007,1242.03653
2352,1233.40552,1242.28002
2353,1233.55999,1242.67004
2354,1233.74203,1242.71975
2355,1233.77111,1243.1646
2356,1233.98026,1243.20527
2357,1233.99545,1243.3036
2358,1234.15302,1243.39872
2359,1234.15423,1243.54422
2360,1234.38239,1243.94107
2361,1234.64051,1243.94107
2362,1234.84252,1243.96683
2363,1235.05587,1244.57584
2364,1235.06623,1244.9363
2365,1235.10935,1244.96166
2366,1235.28333,1245.0911
2367,1235.31063,1245.13921
2368,1235.31645,1245.45826
2369,1235.35135,1245.51819
2370,1235.37582,1245.55077
2371,1235.84152,1245.71288
2372,1235.86832,1245.72694
2373,1235.98538,1245.72696
2374,1236.19222,1245.76029
2375,1236.42113,1245.78044
2376,1236.65664,1245.78966
2377,1236.90617,1245.87067
2378,1237.09632,1245.91966
2379,1237.18858,1245.97079
2380,1237.45479,1246.05644
2381,1237.55275,1246.07139
2382,1237.7878,1246.19598
2383,1237.92863,1246.5355
2384,1238.10365,1246.69511
2385,1238.11069,1246.77324
2386,1238.43807,1246.83381
2387,1238.63311,1246.98248
2388,1238.72629,1247.01651
2389,1238.7317,1247.06361
2390,1238.81208,1247.323
2391,1238.99746,1247.55029
2392,1239.51307,1247.81047
2393,1239.51419,1248.58752
2394,1239.57715,1249.11087
2395,1239.57723,1249.30088
2396,1239.83658,1249.30533
2397,1239.9976,1249.33052
2398,1240.02993,1249.38687
2399,1240.70087,1249.87021
2400,1241.77413,1249.91159
2401,1242.29446,1251.01773
2402,1242.50859,1251.72233
2403,1242.64175,1252.80495
2404,1242.95982,1253.16174
2405,1243.06365,1253.52104
2406,1243.08904,1253.8411
2407,1243.29649,1254.1835
2408,1243.44185,1254.28335
2409,1244.22605,1254.4741
2410,1245.02209,1254.48871
2411,1245.02918,1255.3198
2412,1245.51052,1255.54037
2413,1245.59117,1255.61033
2414,1245.59715,1255.73429
2415,1245.68152,1256.58711
2416,1246.05351,1256.89796
2417,1246.15362,1257.00369
2418,1246.39681,1257.87584
2419,1246.57287,1258.49718
2420,1247.19026,1258.77437
2421,1247.25888,1258.81209
2422,1247.29369,1258.88784
2423,1247.4528,1258.97051
2424,1247.68286,1259.11296
2425,1247.71917,1259.21072
2426,1247.99857,1259.21406
2427,1248.48809,1259.23661
2428,1248.89005,1259.43738
2429,1249.38623,1259.51794
2430,1249.45646,1259.61935
2431,1250.21449,1259.81901
2432,1250.97319,1259.9487
2433,1251.41566,1260.83712
2434,1251.69313,1261.09988
2435,1251.87434,1262.744
2436,1252.3787,1262.83183
2437,1252.88837,1263.90203
2438,1252.95235,1263.99797
2439,1253.15009,1264.453
2440,1254.94293,1265.78545
2441,1255.14148,1266.39111
2442,1255.40038,1266.51398
2443,1255.49845,1267.45395
2444,1255.82544,1267.53063
2445,1256.78616,1268.11809
2446,1257.58636,1268.47144
2447,1257.91052,1269.07171
2448,1258.15009,1269.31623
2449,1258.56709,1269.37207
2450,1259.1408,1269.75623
2451,1260.59718,1270.53707
2452,1261.41167,1270.91813
2453,1262.07037,1271.06258
2454,1262.71892,1271.21297
2455,1262.73312,1272.19593
2456,1263.91754,1273.75777
2457,1264.21524,1274.01415
2458,1264.3226,1274.37516
2459,1265.35501,1275.16024
2460,1266.08242,1275.33104
2461,1266.10902,1275.68061
2462,1266.61341,1275.85259
2463,1267.41006,1276.70554
2464,1267.69074,1276.96971
2465,1267.71681,1277.13802
2466,1268.21144,1277.3296
2467,1269.50979,1278.03412
2468,1270.01432,1278.71547
2469,1270.11994,1279.86359
2470,1270.6932,1281.75273
2471,1271.14307,1282.47872
2472,1271.21257,1283.7986
2473,1271.67571,1283.80964
2474,1272.99966,1284.80794
2475,1275.88565,1284.95984
2476,1275.92141,1285.21212
2477,1277.46055,1285.63768
2478,1277.73465,1285.66563
2479,1278.03095,1287.67995
2480,1278.15666,1288.18363
2481,1278.90065,1288.67165
2482,1279.0091,1288.86535
2483,1279.29723,1289.08144
2484,1279.4447,1289.14533
2485,1280.54242,1289.64798
2486,1280.89188,1290.1991
2487,1281.30873,1290.63256
2488,1281.56315,1290.63256
2489,1281.5767,1290.83273
2490,1281.5767,1291.40302
2491,1281.85819,1291.80556
2492,1282.01786,1291.84809
2493,1282.4629,1292.55708
2494,1283.23983,1292.60816
2495,1283.55097,1292.88661
2496,1283.58207,1294.25575
2497,1284.14451,1294.64362
2498,1284.35745,1294.69326
2499,1284.35812,1295.27999
2500,1284.40918,1295.41948
2501,1284.63951,1295.42354
2502,1284.90462,1295.67205
2503,1285.5133,1295.76701
2504,1286.27392,1296.08166
2505,1286.36805,1296.22292
2506,1286.58618,1296.64297
2507,1286.77749,1296.72302
2508,1287.31038,1296.72997
2509,1288.27669,1296.74709
2510,1288.36378,1296.91539
2511,1288.64615,1297.04038
2512,1288.8007,1297.14448
2513,1288.91077,1297.19342
2514,1289.01234,1297.44879
2515,1289.4493,1297.62456
2516,1289.45772,1297.65822
2517,1289.7246,1297.7893
2518,1290.26318,1297.82417
2519,1290.32692,1297.82451
2520,1290.44674,1297.98539
2521,1290.57444,1298.17323
2522,1290.58432,1298.22245
2523,1290.61766,1298.43506
2524,1290.78291,1298.75154
2525,1290.8858,1299.00928
2526,1290.97889,1299.26686
2527,1291.01556,1299.72359
2528,1291.62441,1300.13932
2529,1291.80055,1300.23892
2530,1291.89209,1300.23918
2531,1292.29709,1300.25229
2532,1292.40554,1300.45447
2533,1292.87972,1300.75597
2534,1293.28991,1300.9314
2535,1293.74518,1301.03405
2536,1293.85543,1301.09247
2537,1293.98342,1301.75668
2538,1294.16905,1301.83007
2539,1294.37483,1301.95665
2540,1294.4247,1303.49393
2541,1294.5546,1303.49688
2542,1295.15757,1304.38227
2543,1295.40335,1306.16805
2544,1295.78588,1306.35063
2545,1296.04135,1307.05349
2546,1296.66362,1307.43014
2547,1296.98589,1307.9525
2548,1297.19703,1307.99726
2549,1297.41711,1308.21962
2550,1298.73991,1308.40233
2551,1299.22701,1309.61317
2552,1299.67878,1309.86124
2553,1300.49486,1310.77697
2554,1300.6865,1310.86143
2555,1300.83528,1311.04413
2556,1302.38683,1311.17319
2557,1302.59214,1311.3691
2558,1302.89747,1311.52292
2559,1302.97226,1311.70253
2560,1302.99654,1312.04362
2561,1303.05018,1312.35467
2562,1303.52706,1312.91545
2563,1304.02308,1313.29049
2564,1304.39605,1313.78484
2565,1305.64674,1313.89241
2566,1305.68577,1314.08327
2567,1306.04374,1314.38245
2568,1306.18122,1314.64538
2569,1306.42655,1317.06139
2570,1306.52572,1317.87566
2571,1306.62786,1318.34121
2572,1306.83827,1318.55142
2573,1307.23449,1318.9514
2574,1308.07759,1319.35593
2575,1308.42531,1320.49916
2576,1309.43568,1320.80695
2577,1310.48844,1321.91727
2578,1310.83111,1322.14087
2579,1311.26909,1322.46985
2580,1311.27011,1322.47727
2581,1311.31089,1322.81054
2582,1311.4266,1323.66602
2583,1313.84694,1325.11943
2584,1315.52333,1325.5239
2585,1316.23764,1326.05408
2586,1317.27663,1326.28095
2587,1317.29865,1326.31521
2588,1317.98373,1326.56068
2589,1318.40857,1326.63587
2590,1318.51457,1326.67038
2591,1319.07017,1327.13968
2592,1319.41892,1327.15653
2593,1319.71332,1327.70805
2594,1319.75434,1328.11429
2595,1320.47956,1328.12323
2596,1320.52929,1328.1977
2597,1321.09687,1328.1978
2598,1321.2371,1328.1978
2599,1321.80711,1328.1978
2600,1321.88668,1328.23368
2601,1321.88917,1328.26332
2602,1321.88917,1328.3311
2603,1321.88917,1329.3023
2604,1321.88917,1330.26279
2605,1321.98582,1331.39184
2606,1322.45027,1331.77759
2607,1322.98494,1331.85766
2608,1323.37298,1334.40248
2609,1323.99239,1335.10986
2610,1324.09637,1335.16552
2611,1324.25844,1335.19404
2612,1324.28608,1335.7906
2613,1324.51117,1336.01214
2614,1325.21798,1336.33068
2615,1326.49079,1336.88455
2616,1328.39003,1337.88523
2617,1329.60713,1338.81821
2618,1329.85984,1341.54469
2619,1330.20653,1342.46451
2620,1330.38785,1343.09989
2621,1330.63128,1343.83109
2622,1330.89992,1345.16709
2623,1332.0922,1345.55453
2624,1332.32133,1346.52606
2625,1333.77027,1346.62405
2626,1334.25967,1347.31358
2627,1337.31833,1348.39873
2628,1337.38119,1348.80522
2629,1338.01389,1351.36478
2630,1338.12075,1353.87349
2631,1339.16353,1354.34893
2632,1339.19339,1354.57598
2633,1342.3994,1354.88286
2634,1342.4161,1355.38379
2635,1342.75212,1355.6625
2636,1343.02524,1356.40295
2637,1343.50195,1356.50607
2638,1345.98422,1356.94443
2639,1346.27266,1358.72763
2640,1346.92748,1359.06307
2641,1347.34759,1359.19851
2642,1347.54616,1359.73958
2643,1348.47841,1360.43741
2644,1348.5001,1361.02086
2645,1348.64649,1361.56802
2646,1348.93485,1363.7704
2647,1352.06998,1364.44356
2648,1353.84754,1365.52796
2649,1355.21209,1367.08566
2650,1355.28912,1368.38699
2651,1359.09503,1369.00108
2652,1360.58464,1370.89663
2653,1360.8568,1373.56386
2654,1365.61836,1376.975
2655,1366.01145,1377.97824
2656,1366.53025,1380.516
2657,1367.04386,1380.90785
2658,1372.32947,1381.78215
2659,1372.54486,1383.48476
2660,1373.19514,1383.99876
2661,1374.2163,1386.00398
2662,1374.3124,1387.53008
2663,1374.92453,1389.82687
2664,1377.62309,1392.65623
2665,1378.39938,1394.1679
2666,1381.06284,1397.47924
2667,1384.55785,1397.68908
2668,1388.55485,1400.68231
2669,1391.25527,1403.84029
2670,1391.40615,1406.24265
2671,1391.83095,1407.83006
2672,1394.50432,1411.46419
2673,1399.69427,1415.5394
2674,1402.272,1415.88903
2675,1404.78705,1416.82585
2676,1406.25852,1416.92739
2677,1407.03759,1419.5258
2678,1407.83868,1422.32496
2679,1411.70445,1425.65817
2680,1412.82667,1426.58296
2681,1421.99843,1437.11509
2682,1422.64679,1440.46395
2683,1428.11264,1440.59753
2684,1429.60007,1443.2673
2685,1432.13712,1443.92981
2686,1434.47524,1445.56303
2687,1435.39375,1449.6709
2688,1435.76337,1450.48803
2689,1436.96911,1450.57364
2690,1439.06462,1456.55173
2691,1442.9719,1456.55173
2692,1442.9719,1456.62271
2693,1443.28852,1458.90149
2694,1444.64437,1466.28249
2695,1448.46014,1467.55696
2696,1449.54592,1468.33624
2697,1455.50001,1470.0555
2698,1457.95713,1470.0555
2699,1459.15662,1470.0602
2700,1459.21619,1470.12885
2701,1459.21774,1472.117
2702,1459.21774,1473.02102
2703,1459.30034,1473.79037
2704,1460.98316,1473.79037
2705,1461.79192,1473.79037
2706,1461.79192,1473.79037
2707,1461.79192,1474.49316
2708,1461.79192,1475.76553
2709,1462.00199,1475.76553
2710,1462.00199,1475.76553
2711,1462.00199,1475.76553
2712,1462.00199,1475.84519
2713,1463.10451,1475.84519
2714,1463.10451,1475.84519
2715,1463.10451,1479.27036
2716,1466.61965,1479.78072
2717,1467.82228,1481.81256
2718,1471.55822,1481.95455
2719,1471.93928,1486.05818
2720,1472.10291,1486.62289
2721,1472.2793,1488.94089
2722,1472.6154,1490.52288
2723,1478.63822,1490.62884
2724,1479.31801,1492.28621
2725,1483.89991,1500.55605
2726,1487.88757,1502.28417
2727,1489.63463,1503.64889
2728,1491.10453,1508.43516
2729,1500.65849,1509.37369
2730,1501.2255,1512.31387
2731,1503.31893,1513.15933
2732,1504.32612,1518.68425
2733,1505.48754,1523.06449
2734,1507.66448,1526.19854
2735,1510.05259,1527.38894
2736,1510.45817,1531.26555
2737,1517.65575,1533.5702
2738,1517.67546,1536.18574
2739,1521.22103,1539.75182
2740,1526.11371,1540.61872
2741,1526.78915,1540.83315
2742,1527.06608,1544.66826
2743,1528.88827,1545.03626
2744,1529.11595,1547.57282
2745,1531.05161,1547.92124
2746,1531.19957,1555.72776
2747,1536.38395,1558.45261
2748,1544.1318,1561.88717
2749,1544.59017,1563.44774
2750,1545.95387,1563.63823
2751,1549.84434,1565.3255
2752,1551.04048,1571.99784
2753,1556.81298,1579.252
2754,1560.86633,1579.55844
2755,1565.0774,1587.78533
2756,1573.01341,1589.34278
2757,1579.05054,1595.66223
2758,1579.81139,1598.51482
2759,1580.26348,1599.48312
2760,1583.10234,1603.34415
2761,1589.44848,1610.62611
2762,1594.25263,1622.74342
2763,1606.01966,1630.78256
2764,1614.6968,1630.92993
2765,1616.84585,1641.75346
2766,1618.5474,1645.31672
2767,1628.04502,1650.99053
2768,1636.80034,1677.88926
2769,1662.00389,1684.71411
2770,1664.97525,1686.65231
2771,1672.393,1699.18208
2772,1699.51995,1708.50151
2773,1701.57268,1714.56111
2774,1702.33969,1720.15935
2775,1709.54929,1725.34342
2776,1711.77929,1726.32321
2777,1712.05871,1726.707
2778,1713.91377,1747.90084
2779,1725.73477,1748.49855
2780,1734.6614,1752.8352
2781,1738.51179,1753.12725
2782,1739.90387,1754.50892
2783,1740.24095,1756.96464
2784,1740.62643,1758.6372
2785,1746.58594,1760.11197
2786,1747.65795,1768.33359
2787,1754.67305,1772.18835
2788,1757.22947,1777.68981
2789,1763.74934,1782.12048
2790,1764.08174,1783.53622
2791,1767.44372,1786.48196
2792,1768.15308,1789.02909
2793,1773.50069,1789.47304
2794,1774.14632,1790.64597
2795,1774.44304,1791.54115
2796,1774.68355,1793.16431
2797,1775.59216,1793.20192
2798,1776.94001,1793.53461
2799,1777.72494,1794.48095
2800,1778.09592,1795.15864
2801,1778.70424,1796.78082
2802,1779.32021,1798.66037
2803,1780.86699,1799.84578
2804,1781.32775,1801.08321
2805,1781.95769,1801.33448
2806,1783.10801,1801.33448
2807,1783.61708,1801.33448
2808,1783.61708,1801.33448
2809,1783.61708,1801.33448
2810,1783.61708,1801.33448
2811,1783.61708,1801.33448
2812,1783.61708,1801.4297
2813,1783.61708,1801.63374
2814,1783.78363,1801.74313
2815,1783.94293,1801.93813
2816,1784.16982,1801.99762
2817,1784.29249,1803.23203
2818,1784.44712,1803.71663
2819,1785.66723,1804.57535
2820,1785.86487,1804.57535
2821,1787.44989,1804.57535
2822,1787.44989,1809.65681
2823,1787.44989,1814.55516
2824,1797.07579,1822.49047
2825,1806.54198,1822.75018
2826,1812.42588,1828.43253
2827,1813.99323,1844.96344
2828,1816.7103,1845.97608
2829,1826.9143,1848.45012
2830,1827.86928,1848.45012
2831,1832.30481,1862.36128
2832,1832.30481,1863.99487
2833,1846.50218,1865.98583
2834,1846.76448,1868.51645
2835,1848.40362,1885.14853
2836,1870.73525,1886.89732
2837,1872.48751,1890.24576
2838,1877.29009,1906.08318
2839,1892.49361,1908.07216
2840,1894.24087,1908.19
2841,1894.57388,1910.30289
2842,1898.21543,1912.07227
2843,1898.71393,1915.87372
2844,1904.40006,1920.83092
2845,1908.17034,1924.78302
2846,1910.844,1929.8961
2847,1912.14059,1930.25141
2848,1916.05392,1930.29956
2849,1916.42668,1932.53284
2850,1921.98183,1932.71997
2851,1922.88719,1938.08739
2852,1924.00566,1939.45716
2853,1924.91106,1939.60124
2854,1926.09084,1939.60321
2855,1927.66735,1939.60491
2856,1927.73579,1939.60491
2857,1927.87804,1939.60491
2858,1927.90159,1939.60491
2859,1927.96097,1939.60491
2860,1927.96145,1939.60491
2861,1927.96145,1939.60491
2862,1927.96145,1939.60491
2863,1927.96145,1939.60491
2864,1927.96145,1939.66622
2865,1927.96145,1939.66948
2866,1927.96145,1940.48139
2867,1927.96145,1941.65707
2868,1927.96146,1941.97066
2869,1928.58574,1942.37564
2870,1928.88805,1942.47251
2871,1929.43475,1942.60716
2872,1930.02892,1943.57638
2873,1930.12417,1943.92544
2874,1930.52572,1944.02889
2875,1930.6054,1944.78827
2876,1930.81013,1944.8716
2877,1931.01992,1944.97648
2878,1931.48987,1944.97648
2879,1932.36165,1945.23233
2880,1932.43489,1945.53519
2881,1932.46752,1945.58786
2882,1933.72931,1946.33841
2883,1933.72931,1946.97128
2884,1935.37438,1949.40229
2885,1936.77612,1954.88794
2886,1938.26316,1955.60159
2887,1939.00025,1956.45562
2888,1939.67712,1956.68162
2889,1939.78462,1957.30085
2890,1939.78484,1957.40761
2891,1939.78484,1957.40783
2892,1939.78484,1957.40783
2893,1939.78484,1957.40783
2894,1939.78484,1957.40783
2895,1939.78484,1957.40783
2896,1939.78484,1957.40783
2897,1939.78558,1957.40783
2898,1939.78558,1957.40856
2899,1940.57389,1957.52153
2900,1941.30695,1958.19116
2901,1941.30695,1958.94785
2902,1943.35088,1958.94785
2903,1945.40222,1962.98431
2904,1946.65508,1965.83363
2905,1954.19483,1972.29802
2906,1962.75885,1973.86567
2907,1964.6376,1980.67085
2908,1992.31848,2002.38231
2909,1994.80255,2002.77955
2910,1995.4985,2016.85331
2911,2003.31963,2027.45882
2912,2013.24246,2033.01819
2913,2015.12694,2068.58533
2914,2059.35796,2072.22316
2915,2066.66152,2104.87711
2916,2102.52353,2125.80403
2917,2118.26166,2131.19752
2918,2118.26166,2131.19752
2919,2118.26166,2131.19752
2920,2123.58679,2137.53502
2921,2125.00676,2164.8674
2922,2143.36236,2168.24712
2923,2155.48383,2172.9795
2924,2160.22915,2215.126
2925,2202.28667,2229.76815
2926,2226.01219,2235.67625
2927,2235.95283,2249.47565
2928,2277.7391,2305.6297
2929,2294.79319,2313.1929
2930,2298.20327,2322.69339
2931,2306.04674,2324.87775
2932,2335.27337,2354.01495
2933,2383.76342,2393.69295
2934,2420.23425,2441.06713
2935,2439.85599,2459.68965
2936,2448.27718,2460.93805
2937,2553.66094,2555.11042
2938,2569.75468,2569.31628
2939,2573.87868,2581.94692
2940,2589.46936,2611.15055
2941,2919.74544,2931.7397
2942,2953.78202,2965.78192
2943,2963.56655,2979.87741
2944,3005.17798,3017.17423
2945,3005.23792,3017.24151
2946,3005.46498,3018.13348
2947,3006.13459,3018.22228
2948,3008.01261,3020.01115
2949,3012.01943,3024.0198
2950,3012.03005,3024.02881
2951,3012.0304,3024.03052
2952,3012.34105,3024.32096
2953,3013.35665,3025.35698
2954,3013.70046,3025.69857
2955,3014.22922,3026.23068
2956,3015.97815,3027.98056
2957,3019.14745,3031.14738
2958,3019.21104,3031.21221
2959,3019.21491,3031.2138
2960,3019.21491,3031.2138
2961,3019.21897,3031.21716
2962,3019.22092,3031.21929
2963,3019.28765,3031.28748
2964,3019.6826,3031.70706
2965,3019.71452,3031.71274
0,3019.71457,3031.71274
2966,3019.71457,3031.71274
2967,3019.71457,3031.71274
2968,3019.71457,3031.71274
2969,3019.71457,3031.71274
2970,3019.71457,3031.71274
2971,3019.71457,3031.71274
2972,3019.71457,3031.71274
2973,3019.71457,3031.71274
2974,3019.71457,3031.71274
2975,3019.71457,3031.71274
2976,3019.71457,3031.71274
2977,3019.71457,3031.71274
2978,3019.71457,3031.71274
2979,3019.71457,3031.71274
2980,3019.71457,3031.71274
2981,3019.71457,3031.71274
2982,3019.71457,3031.71274
2983,3019.71457,3031.71274
2984,3019.71457,3031.71274
2985,3019.71457,3031.71274
2986,3019.71457,3031.71274
2987,3019.71457,3031.71274
2988,3019.71457,3031.71274
2989,3019.71457,3031.71274
2990,3019.71457,3031.71274
2991,3019.71457,3031.71274
2992,3019.71457,3031.71274
2993,3019.71457,3031.71274
2994,3019.71457,3031.71274
2995,3019.71457,3031.71274
2996,3019.71457,3031.71274
2997,3019.71457,3031.71274
2998,3019.71457,3031.71274
2999,3019.71457,3031.71274
3000,3019.71457,3031.71274
3001,3019.71457,3031.71274
3002,3019.71457,3031.71274
3003,3019.71457,3031.71274
3004,3019.71457,3031.71274
3005,3019.71457,3031.71274
3006,3019.71457,3031.71274
3007,3019.71457,3031.71274
3008,3019.71457,3031.71274
3009,3019.71457,3031.71274
3010,3019.71457,3031.71274
3011,3019.71457,3031.71274
3012,3019.71457,3031.71274
3013,3019.71457,3031.71274
3014,3019.71457,3031.71274
3015,3019.71457,3031.71274
3016,3019.71457,3031.71274
3017,3019.71457,3031.71274
3018,3019.71457,3031.71274
3019,3019.71457,3031.71274
3020,3019.71457,3031.71274
3021,3019.71457,3031.71274
3022,3019.71457,3031.71274
3023,3019.71457,3031.71274
3024,3019.71457,3031.71274
3025,3019.71457,3031.71274
3026,3019.71457,3031.71274
3027,3019.71457,3031.71274
3028,3019.71457,3031.71274
3029,3019.71457,3031.71274
3030,3019.71457,3031.71274
3031,3019.71457,3031.71274
3032,3019.71457,3031.71274
3033,3103.78934,3161.26027
3034,3146.08663,3170.12144
3035,3438.18658,3416.73907
3036,3601.57133,3616.90619
3037,5256.29034,5252.26786
3038,9314.80628,9374.0158
3039,10270.46202,10399.96799
3040,31145.37059,31149.41674
3041,37488.6903,37457.33989
3042,59879.79041,59881.20275
3043,65180.15419,65168.65839
3044,121073.53525,122058.08591
3045,1.33738898971484e+16,1.33658144932294e+16
